doctor_name,doctor_specialization,starting_shift_time,end_shift_time,hospital_name,hospital_distance(km),num_of_available_beds,experience(years),rating(1-5),num_testimonies,hospital_id,doctor_id,location
Dr. AUDREY B. ABA,Cardiologist,17:09,17:27,Gat Andres Bonifacio Memorial Medical Center,15.76,90,4,1.1,198,1,1,"Manila, Philippines"
Dr. MARIVIC M. ABAA,Intensivist,9:03,15:33,American Hospital,5.76,90,25,4.3,181,2,2,"Manila, Philippines"
Dr. NESTOR N. ABAD,Pulmonologist,9:51,10:22,Annette General Hospital,20.12,100,9,2.9,17,3,3,"Manila, Philippines"
Dr. JAMES R. ABANCE,Gynecologist,13:16,16:03,Medical Arts Building | Chinese General Hospital,12.67,85,29,3.1,148,4,4,"Manila, Philippines"
Dr. ISAGANI P. ABANILLA,Ophthalmologist,7:32,20:31,Providence Hospital,17.89,70,8,4.2,28,5,5,"Manila, Philippines"
Dr. LEONARD B. ABAO,Medical Geneticist,9:36,15:15,Justice Jose Abad Santos General Hospital,15.67,90,30,1.1,101,6,6,"Manila, Philippines"
Dr. ALLAN T. ABARIENTOS,Pulmonologist,19:16,19:46,Perpetual Help Medical Center - Las PiÃ±as Hospital,24.78,90,1,4,18,7,7,"Manila, Philippines"
Dr. RODRIGO JR A. ABARQUEZ,Immunologist,14:54,18:55,Bagong Ospital ng Maynila,11.22,130,23,2.3,59,8,8,"Manila, Philippines"
Dr. ROMELDA . ABAT-BANGASAN,Geriatrician,12:23,19:16,Santa Ana Hospital,20.12,85,9,3.7,98,9,9,"Manila, Philippines"
Dr. REYNALDO III M. ABAY,Gastroenterologist,15:01,15:46,Centuria Medical Makati,4.56,75,8,1.2,36,10,10,"Manila, Philippines"
Dr. KAREN L. ABAYARI,Neurologist,7:39,11:20,"St. Clare’s Medical Center, Inc.",22.45,90,27,2,19,11,11,"Manila, Philippines"
Dr. MARATO M. ABDULA,Pulmonologist,14:32,19:15,TopHealth Medical Clinic,14.56,110,28,1.2,0,12,12,"Manila, Philippines"
Dr. BENEDICT T. YEE,Pathologist,16:38,19:48,Makati Medical Center,8.45,150,28,2.7,168,13,13,"Manila, Philippines"
Dr. FERDINAND D. YMAZ,Pain Management,16:21,17:46,UERM Medical Center,10.56,200,14,3,186,14,14,"Manila, Philippines"
Dr. RODOLFO II A. YODICO,Radiologist,15:48,16:10,Healthway - 8 Adriatico Manila,8.65,95,15,3.2,88,15,15,"Manila, Philippines"
Dr. DAVID ALEXIE Z. YOLORES,Pain Management,15:51,19:48,Centuria Medical Makati,4.56,75,12,1.9,78,10,16,"Manila, Philippines"
Dr. JOSEPH C. YONZON,Dermatologist,10:22,13:37,Gat Andres Bonifacio Memorial Medical Center,15.76,90,21,3,163,1,17,"Manila, Philippines"
Dr. JESSIE SLOAN L. YOUNG,Emergency Medicine,15:39,18:09,Makati Medical Center,8.45,150,29,4.1,197,13,18,"Manila, Philippines"
Dr. MARTE P. MUYOT,Gastroenterologist,9:56,16:49,East Avenue Medical Center,10.45,140,17,3.2,198,16,19,"Manila, Philippines"
Dr. JENNY ANN H. NABIA,Immunologist,19:50,20:02,Justice Jose Abad Santos General Hospital,15.67,90,20,4.7,130,6,20,"Manila, Philippines"
Dr. BENJIE A. NABUS,Medical Geneticist,8:09,10:46,ManilaMed,13.45,110,3,4.5,10,17,21,"Manila, Philippines"
Dr. MICHAEL C. NABUS,Immunologist,13:59,17:14,ManilaMed,13.45,110,24,3.1,90,17,22,"Manila, Philippines"
Dr. RENATO S. NACAR,Urologist,10:17,13:27,World Citi Medical Center,16.78,90,18,1.1,21,18,23,"Manila, Philippines"
Dr. RAUL A. NACIONALES,Endocrinologist,19:53,20:19,ManilaMed,13.45,110,27,2.8,170,17,24,"Manila, Philippines"
Dr. LORDE D. NACPIL,Neurologist,19:30,20:59,Medical Arts Building | Chinese General Hospital,12.67,85,3,4.8,184,4,25,"Manila, Philippines"
Dr. JOEL M. NACUSPAG,Endocrinologist,11:57,16:25,Providence Hospital,17.89,70,28,1.6,78,5,26,"Manila, Philippines"
Dr. ANDRES J. NAGULADA,Urologist,11:12,13:50,Annette General Hospital,20.12,100,28,1.8,165,3,27,"Manila, Philippines"
Dr. FROILAN JOE O. NAJE,Gynecologist,14:17,15:48,Perpetual Help Medical Center - Las PiÃ±as Hospital,24.78,90,21,1.6,87,7,28,"Manila, Philippines"
Dr. CELSO C. DOYOLA,Endocrinologist,18:31,20:46,Ma. Clara Lying-in-Clinic,19.76,45,15,2.1,119,19,29,"Manila, Philippines"
Dr. CHRISTOPHER A. DRIZA,Endocrinologist,19:13,19:37,American Hospital,5.76,90,11,1.6,68,2,30,"Manila, Philippines"
Dr. JOEHL FRANCISCO E. DUARTE,Endocrinologist,7:19,20:33,Adventist Medical Center Manila,9.87,150,11,1.1,52,20,31,"Manila, Philippines"
Dr. MA JOSEFINA VICTORIA G. DUBLAS,Hematologist,17:45,20:05,World Citi Medical Center,16.78,90,21,2.7,176,18,32,"Manila, Philippines"
Dr. ROSA BELLA N. DUBLIN,Gynecologist,20:11,20:54,Annette General Hospital,20.12,100,23,3.9,32,3,33,"Manila, Philippines"
Dr. ARIEL G. DUCUSIN,Geriatrician,16:12,18:02,Our Lady of Lourdes Hospital,21.45,100,16,3.4,95,21,34,"Manila, Philippines"
Dr. JESUS C. DUCUSIN,Hematologist,16:18,16:26,Perpetual Help Medical Center - Las PiÃ±as Hospital,24.78,90,8,3.2,157,7,35,"Manila, Philippines"
Dr. RAYMOND C. DUDANG,Nephrologist,9:55,10:18,Centuria Medical Makati,4.56,75,25,4.7,131,10,36,"Manila, Philippines"
Dr. DENNIS U. DULANGON,Dermatologist,13:56,16:07,American Hospital,5.76,90,5,3.8,200,2,37,"Manila, Philippines"
Dr. JEOGIE U. DULATRE,Geriatrician,7:42,7:46,"St. Clare’s Medical Center, Inc.",22.45,90,23,4.8,24,11,38,"Manila, Philippines"
Dr. JOEY R. DULAY,Intensivist,18:59,19:10,American Hospital,5.76,90,27,2.4,124,2,39,"Manila, Philippines"
Dr. NEIL BRYAN A. DULDULAO,Infectious Disease,17:56,20:49,Ma. Clara Lying-in-Clinic,19.76,45,25,4.9,60,19,40,"Manila, Philippines"
Dr. DOROTEO C. CERVANTES,Intensivist,20:56,20:57,VRP Medical Center,18.34,150,22,3.3,165,22,41,"Manila, Philippines"
Dr. JERROLD V. CERVANTES,Immunologist,19:11,19:16,Healthway - 8 Adriatico Manila,8.65,95,8,4.5,97,15,42,"Manila, Philippines"
Dr. JUAN PAOLO M. CERVANTES,Geriatrician,12:52,19:05,National Children's Hospital,16.78,95,6,2.7,111,23,43,"Manila, Philippines"
Dr. RODULFO I. CEZAR,Anesthesiologist,9:44,20:02,Las PiÃ±as General Hospital and Satellite Trauma Center,24.56,120,1,4.9,143,24,44,"Manila, Philippines"
Dr. KENLEY LAWRENCE O. CHAN,Gynecologist,12:35,13:50,Healthway - 8 Adriatico Manila,8.65,95,23,4.3,96,15,45,"Manila, Philippines"
Dr. MARY ELAINE O. CHAN,Cardiologist,7:56,18:00,VRP Medical Center,18.34,150,2,2.7,110,22,46,"Manila, Philippines"
Dr. ROWAN B. CHANFING,Ophthalmologist,8:41,14:18,Ma. Clara Lying-in-Clinic,19.76,45,24,3.3,198,19,47,"Manila, Philippines"
Dr. JOHN JOSEPH D. CHANSUYCO,Medical Geneticist,13:47,19:45,Chinese General Hospital and Medical Center,14.23,170,17,1.9,32,25,48,"Manila, Philippines"
Dr. RODOLFO O. CHANSUYCO,Psychiatrist,17:38,20:14,East Avenue Medical Center,10.45,140,12,3.9,89,16,49,"Manila, Philippines"
Dr. EDWIN T. CHAVEZ,Psychiatrist,19:20,19:38,Philippine Children's Medical Center,18.12,140,22,3.5,87,26,50,"Manila, Philippines"
Dr. MA ALITA P. CHAVEZ,Infectious Disease,18:30,19:20,American Hospital,5.76,90,7,3.5,72,2,51,"Manila, Philippines"
Dr. RUTH AGNES G. CHAVEZ,Gastroenterologist,16:38,19:57,Adventist Medical Center Manila,9.87,150,30,2.5,145,20,52,"Manila, Philippines"
Dr. JERRY-CO P. CHILEM,Geriatrician,13:38,14:24,Healthway - 8 Adriatico Manila,8.65,95,21,1.6,48,15,53,"Manila, Philippines"
Dr. AMBROSIO T. CHINAYOG,Medical Geneticist,10:02,14:24,"Capitol Medical Center, Inc.",6.54,200,23,5,194,27,54,"Manila, Philippines"
Dr. EARL Y. CHIO,Urologist,10:43,12:58,Centuria Medical Makati,4.56,75,28,3.4,89,10,55,"Manila, Philippines"
Dr. HENRY A. CHIO,Cardiologist,18:07,18:54,Bagong Ospital ng Maynila,11.22,130,22,1.2,149,8,56,"Manila, Philippines"
Dr. JOSE JR L. CHIONG,Hematologist,14:49,15:25,"Capitol Medical Center, Inc.",6.54,200,23,1.5,2,27,57,"Manila, Philippines"
Dr. JAYSON A. CHORESCA,Orthopedist,7:20,10:10,New Era General Hospital,20.23,75,23,3,11,28,58,"Manila, Philippines"
Dr. ALAN P. CHU,Gynecologist,9:18,13:13,Centuria Medical Makati,4.56,75,3,3,49,10,59,"Manila, Philippines"
Dr. PETER GLENDON N. MORALDE,Endocrinologist,14:16,17:41,American Hospital,5.76,90,1,2.3,9,2,60,"Manila, Philippines"
Dr. RESTITO T. MORALDE,Medical Geneticist,12:31,14:07,Bagong Ospital ng Maynila,11.22,130,16,5,88,8,61,"Manila, Philippines"
Dr. VINCENT S. MORALDE,Neurologist,17:48,18:11,National Children's Hospital,16.78,95,15,1.3,192,23,62,"Manila, Philippines"
Dr. LOUNAR T. MORALES,Radiologist,9:21,14:48,Las PiÃ±as General Hospital and Satellite Trauma Center,24.56,120,22,4,23,24,63,"Manila, Philippines"
Dr. MARVIN S. MORALES,Hematologist,7:17,15:02,Philippine Children's Medical Center,18.12,140,30,1.1,118,26,64,"Manila, Philippines"
Dr. STEVE T. MORALES,Pediatrician,15:56,20:38,Bagong Ospital ng Maynila,11.22,130,5,3.6,91,8,65,"Manila, Philippines"
Dr. JUAN PEDRO III B. MORAN,Gastroenterologist,17:55,20:05,Centuria Medical Makati,4.56,75,15,1,18,10,66,"Manila, Philippines"
Dr. MEER G. MORAÃƒÂ‘A,Immunologist,10:16,15:44,Annette General Hospital,20.12,100,4,3.7,131,3,67,"Manila, Philippines"
Dr. LEILA F. MORCOZO,Cardiologist,13:13,13:57,Makati Medical Center,8.45,150,14,4.7,163,13,68,"Manila, Philippines"
Dr. JOSELITO B. MORENO,Infectious Disease,7:50,17:46,Gat Andres Bonifacio Memorial Medical Center,15.76,90,2,3.6,107,1,69,"Manila, Philippines"
Dr. MANUEL JR S. MORENO,Immunologist,8:13,13:13,World Citi Medical Center,16.78,90,9,3.3,149,18,70,"Manila, Philippines"
Dr. FAUSTINO JR G. MORILLA,Pulmonologist,15:55,20:57,Perpetual Help Medical Center - Las PiÃ±as Hospital,24.78,90,22,2.8,26,7,71,"Manila, Philippines"
Dr. EDUARDO C. MORTEL,Intensivist,17:04,20:15,Providence Hospital,17.89,70,2,3.4,165,5,72,"Manila, Philippines"
Dr. ROBERT L. MORTEL,Emergency Medicine,11:41,20:16,Chinese General Hospital and Medical Center,14.23,170,1,1.1,113,25,73,"Manila, Philippines"
Dr. RAMON B. MORTERA,Pediatrician,16:51,18:45,Philippine Children's Medical Center,18.12,140,25,2.2,170,26,74,"Manila, Philippines"
Dr. RENATO ROY Y. MORTIZ,Cardiologist,15:47,16:34,New Era General Hospital,20.23,75,2,2.8,21,28,75,"Manila, Philippines"
Dr. JOSE D. MOSELINA,Pulmonologist,10:57,19:57,World Citi Medical Center,16.78,90,16,2.5,136,18,76,"Manila, Philippines"
Dr. GERMAN S. MOTAR,Intensivist,12:49,19:02,Our Lady of Lourdes Hospital,21.45,100,13,2.5,33,21,77,"Manila, Philippines"
Dr. DANIEL E. MOVIDA,Emergency Medicine,14:35,17:02,Makati Medical Center,8.45,150,25,1.6,125,13,78,"Manila, Philippines"
Dr. MAXIMO B. MUNAR,Urologist,12:38,18:25,Las PiÃ±as General Hospital and Satellite Trauma Center,24.56,120,27,1.6,180,24,79,"Manila, Philippines"
Dr. DJERALD A. MUÃƒÂ‘EZ,Orthopedist,9:29,13:15,New Era General Hospital,20.23,75,21,1.4,11,28,80,"Manila, Philippines"
Dr. PAUL FERNANDO JR G. MUNJI,Cardiologist,9:58,20:17,The Medical City Ermita,11.34,140,16,4.3,70,29,81,"Manila, Philippines"
Dr. MUKTAL M. MUSA,Psychiatrist,13:55,16:33,"St. Clare’s Medical Center, Inc.",22.45,90,19,3.7,34,11,82,"Manila, Philippines"
Dr. MURPHY G. MUSALLAM,Radiologist,16:11,18:27,Santa Ana Hospital,20.12,85,12,3.7,191,9,83,"Manila, Philippines"
Dr. MARTE P. MUYOT,Pain Management,7:32,13:49,Chinese General Hospital and Medical Center,14.23,170,30,1.9,167,25,84,"Manila, Philippines"
Dr. JENNY ANN H. NABIA,Neurologist,14:15,14:57,"Capitol Medical Center, Inc.",6.54,200,27,2.2,83,27,85,"Manila, Philippines"
Dr. BENJIE A. NABUS,Geriatrician,14:07,18:48,"Capitol Medical Center, Inc.",6.54,200,23,1.2,123,27,86,"Manila, Philippines"
Dr. MICHAEL C. NABUS,Geriatrician,19:21,19:39,ManilaMed,13.45,110,16,1.6,95,17,87,"Manila, Philippines"
Dr. RENATO S. NACAR,Nephrologist,12:30,17:26,Gat Andres Bonifacio Memorial Medical Center,15.76,90,1,4.2,111,1,88,"Manila, Philippines"
Dr. RAUL A. NACIONALES,Emergency Medicine,18:05,19:50,Chinese General Hospital and Medical Center,14.23,170,19,1.2,157,25,89,"Manila, Philippines"
Dr. LORDE D. NACPIL,Dermatologist,16:14,20:20,Ma. Clara Lying-in-Clinic,19.76,45,10,3,166,19,90,"Manila, Philippines"
Dr. JOEL M. NACUSPAG,Radiologist,12:01,17:12,UERM Medical Center,10.56,200,8,3.5,79,14,91,"Manila, Philippines"
Dr. ANDRES J. NAGULADA,Geriatrician,7:20,7:57,Centuria Medical Makati,4.56,75,27,1.8,105,10,92,"Manila, Philippines"
Dr. FROILAN JOE O. NAJE,Gynecologist,18:10,20:37,ManilaMed,13.45,110,19,1.5,148,17,93,"Manila, Philippines"
Dr. RESTITUTO JR T. NAKILA,Infectious Disease,20:27,20:40,Ma. Clara Lying-in-Clinic,19.76,45,8,1.7,140,19,94,"Manila, Philippines"
Dr. BARBARA C. NALLOS,Anesthesiologist,14:19,18:24,Bagong Ospital ng Maynila,11.22,130,26,3.7,163,8,95,"Manila, Philippines"
Dr. RONILO A. NAPAO,Geriatrician,20:53,20:56,Perpetual Help Medical Center - Las PiÃ±as Hospital,24.78,90,19,4.8,68,7,96,"Manila, Philippines"
Dr. EDMUNDO F. NARAGA,Pulmonologist,15:20,18:48,Chinese General Hospital and Medical Center,14.23,170,12,1.8,89,25,97,"Manila, Philippines"
Dr. MARIO R. NARCA,Nephrologist,18:45,19:31,East Avenue Medical Center,10.45,140,14,2.9,29,16,98,"Manila, Philippines"
Dr. MARCELO N. NARISMA,Orthopedist,8:22,18:23,"Capitol Medical Center, Inc.",6.54,200,2,2.9,30,27,99,"Manila, Philippines"
Dr. FREDERICK ARNULFO G. NARTE,Endocrinologist,20:14,20:49,"Capitol Medical Center, Inc.",6.54,200,13,2.4,33,27,100,"Manila, Philippines"
Dr. DANTE M. NARVACAN,Geriatrician,9:58,10:34,VRP Medical Center,18.34,150,16,4.4,58,22,101,"Manila, Philippines"
Dr. JEFFREY R. NARVACAN,Pulmonologist,8:21,8:46,Las PiÃ±as General Hospital and Satellite Trauma Center,24.56,120,5,3.3,195,24,102,"Manila, Philippines"
Dr. ANABELLE D. NASINOPA,Urologist,8:53,9:11,Philippine Children's Medical Center,18.12,140,7,3.1,124,26,103,"Manila, Philippines"
Dr. BRYAND T. NATIVIDAD,Cardiologist,7:13,14:33,The Medical City Ermita,11.34,140,6,2.7,112,29,104,"Manila, Philippines"
Dr. CLAUDIO A. NATIVIDAD,Geriatrician,8:10,18:27,Annette General Hospital,20.12,100,13,1.4,145,3,105,"Manila, Philippines"
Dr. CORAZON A. NATIVIDAD,Psychiatrist,8:16,9:45,Our Lady of Lourdes Hospital,21.45,100,10,3.4,39,21,106,"Manila, Philippines"
Dr. EDUARDO O. NATIVIDAD,Intensivist,14:49,17:35,Healthway - 8 Adriatico Manila,8.65,95,13,3.7,175,15,107,"Manila, Philippines"
Dr. JIMMY G. NATIVIDAD,Nephrologist,20:46,20:48,National Children's Hospital,16.78,95,12,4.6,172,23,108,"Manila, Philippines"
Dr. ROGER T. NAVAL,Immunologist,18:44,19:47,Centuria Medical Makati,4.56,75,8,1.6,117,10,109,"Manila, Philippines"
Dr. ROMUALDO M. NAVAL,Emergency Medicine,13:20,14:56,World Citi Medical Center,16.78,90,9,1.9,86,18,110,"Manila, Philippines"
Dr. DANA JANE O. NAVARRIS,Pulmonologist,8:48,16:26,Annette General Hospital,20.12,100,30,4,40,3,111,"Manila, Philippines"
Dr. FERNANDO M. NAVARRO,Pulmonologist,10:13,20:19,Philippine Children's Medical Center,18.12,140,27,2.2,162,26,112,"Manila, Philippines"
Dr. MARIO POTENCIANO L. NAVARRO,Dermatologist,16:30,16:53,Justice Jose Abad Santos General Hospital,15.67,90,7,4.2,24,6,113,"Manila, Philippines"
Dr. MARK ANTHONY S. NAVARRO,Neurologist,11:37,11:58,Adventist Medical Center Manila,9.87,150,15,3,76,20,114,"Manila, Philippines"
Dr. MARNELLI C. NAVARRO,Emergency Medicine,16:35,18:40,Centuria Medical Makati,4.56,75,20,3.7,2,10,115,"Manila, Philippines"
Dr. RICHARD V. NAVARRO,Endocrinologist,14:50,19:30,Perpetual Help Medical Center - Las PiÃ±as Hospital,24.78,90,4,2.7,125,7,116,"Manila, Philippines"
Dr. MENDIBEL R. NAVARRO-SAÃƒÂ‘OSA,Nephrologist,16:37,18:53,Annette General Hospital,20.12,100,23,4.1,118,3,117,"Manila, Philippines"
Dr. MANUEL T. NAVEA,Infectious Disease,20:08,20:37,American Hospital,5.76,90,20,4.2,106,2,118,"Manila, Philippines"
Dr. GLENN L. NAVESES,Intensivist,9:02,11:46,World Citi Medical Center,16.78,90,27,1.5,76,18,119,"Manila, Philippines"
Dr. ANTHONY D. NAVIDAD,Anesthesiologist,13:59,15:36,ManilaMed,13.45,110,24,4.4,64,17,120,"Manila, Philippines"
Dr. JEREMY M. NAYRE,Pain Management,8:18,14:38,Healthway - 8 Adriatico Manila,8.65,95,1,3.8,34,15,121,"Manila, Philippines"
Dr. FERNANDO A. NEBRES,Dermatologist,19:36,19:49,UERM Medical Center,10.56,200,28,2,115,14,122,"Manila, Philippines"
Dr. LORNA C. NEGRILLO,Nephrologist,9:48,11:13,Centuria Medical Makati,4.56,75,24,3.2,115,10,123,"Manila, Philippines"
Dr. RAUL S. NEJUDNE,Orthopedist,20:17,20:30,World Citi Medical Center,16.78,90,15,2.9,172,18,124,"Manila, Philippines"
Dr. RONNIE Q. NELMIDA,Urologist,13:54,20:15,Las PiÃ±as General Hospital and Satellite Trauma Center,24.56,120,12,2.2,146,24,125,"Manila, Philippines"
Dr. JANUAR A. NEMENZO,Pediatrician,8:45,14:12,New Era General Hospital,20.23,75,25,4.2,126,28,126,"Manila, Philippines"
Dr. JAMES C. NEO,Neurologist,18:07,20:33,Ma. Clara Lying-in-Clinic,19.76,45,19,3.8,65,19,127,"Manila, Philippines"
Dr. ANICETO JR C. NERI,Gynecologist,8:01,10:45,"Capitol Medical Center, Inc.",6.54,200,15,1.4,145,27,128,"Manila, Philippines"
Dr. FELIXBERTO C. NERI,Emergency Medicine,10:45,17:29,"Capitol Medical Center, Inc.",6.54,200,30,1.9,41,27,129,"Manila, Philippines"
Dr. MARIA THERESA M. NERI,Hematologist,12:36,20:57,World Citi Medical Center,16.78,90,10,3.6,117,18,130,"Manila, Philippines"
Dr. RODGIN REY N. NERI,Pulmonologist,9:34,16:12,"Capitol Medical Center, Inc.",6.54,200,24,1,1,27,131,"Manila, Philippines"
Dr. JOSELITO B. NERVEZ,Pain Management,20:45,20:52,National Children's Hospital,16.78,95,25,3.4,182,23,132,"Manila, Philippines"
Dr. KEN RICHARD D. NG,Intensivist,13:05,20:56,Chinese General Hospital and Medical Center,14.23,170,3,2,73,25,133,"Manila, Philippines"
Dr. REYNALDO G. NG,Pathologist,12:48,14:41,World Citi Medical Center,16.78,90,20,4.1,136,18,134,"Manila, Philippines"
Dr. SAMSON C. NGO,Ophthalmologist,9:12,20:13,American Hospital,5.76,90,13,1.8,101,2,135,"Manila, Philippines"
Dr. SOLOMON C. NGO,Pathologist,9:54,19:22,ManilaMed,13.45,110,19,3.9,19,17,136,"Manila, Philippines"
Dr. WINSTON LEONARD L. NGO,Psychiatrist,10:06,16:47,Centuria Medical Makati,4.56,75,4,2.1,91,10,137,"Manila, Philippines"
Dr. DONN ALEC C. NICER,Neurologist,18:54,20:40,Makati Medical Center,8.45,150,4,1.5,61,13,138,"Manila, Philippines"
Dr. ALWIN P. NICOLAS,Pathologist,12:08,18:37,UERM Medical Center,10.56,200,17,4.4,45,14,139,"Manila, Philippines"
Dr. FREDDIE JR T. NICOLAS,Cardiologist,18:07,18:57,Justice Jose Abad Santos General Hospital,15.67,90,1,2.9,152,6,140,"Manila, Philippines"
Dr. GEMILIANO D. NICOLAS,Intensivist,12:05,12:09,UERM Medical Center,10.56,200,28,1.2,151,14,141,"Manila, Philippines"
Dr. MICHAEL R. NICOLAS,Infectious Disease,17:44,18:58,World Citi Medical Center,16.78,90,8,2.4,25,18,142,"Manila, Philippines"
Dr. ROLANDO JR L. NICOLAS,Neurologist,17:51,19:11,"Capitol Medical Center, Inc.",6.54,200,10,4.6,43,27,143,"Manila, Philippines"
Dr. MARK D. NIDUA,Anesthesiologist,13:11,13:18,Chinese General Hospital and Medical Center,14.23,170,30,1.6,146,25,144,"Manila, Philippines"
Dr. EDUARDO S. NIETO,Gastroenterologist,17:21,17:31,American Hospital,5.76,90,25,3.1,107,2,145,"Manila, Philippines"
Dr. MINERVA D. NITCHA,Medical Geneticist,14:20,15:56,"St. Clare’s Medical Center, Inc.",22.45,90,4,4.5,69,11,146,"Manila, Philippines"
Dr. FLORANTE JR J. NITE,Psychiatrist,14:38,19:55,Santa Ana Hospital,20.12,85,14,3.8,100,9,147,"Manila, Philippines"
Dr. EMELINE F. NOBLEZA,Emergency Medicine,20:57,20:59,Makati Medical Center,8.45,150,1,2.1,174,13,148,"Manila, Philippines"
Dr. CHARLIE BOY L. NOCEJA,Anesthesiologist,7:07,17:46,Healthway - 8 Adriatico Manila,8.65,95,15,4,88,15,149,"Manila, Philippines"
Dr. TOMASITO JR D. NOGOY,Infectious Disease,9:16,10:22,TopHealth Medical Clinic,14.56,110,9,1.7,153,12,150,"Manila, Philippines"
Dr. JOVITA R. NONATO,Geriatrician,10:19,15:18,Justice Jose Abad Santos General Hospital,15.67,90,28,2.1,190,6,151,"Manila, Philippines"
Dr. LOUIE B. NOROMOR,Ophthalmologist,10:43,12:30,Healthway - 8 Adriatico Manila,8.65,95,12,1.5,122,15,152,"Manila, Philippines"
Dr. ELIGIO JR U. NOVILLA,Pediatrician,11:59,13:17,PULSE Clinic Manila | A Lifestyle Clinic,19.56,50,4,1.5,86,30,153,"Manila, Philippines"
Dr. EUGENIO Q. NUEZ,Dermatologist,7:17,13:23,The Medical City Ermita,11.34,140,17,1.8,181,29,154,"Manila, Philippines"
Dr. EMELITA B. NUÃƒÂ‘EZ,Gastroenterologist,10:18,13:35,ManilaMed,13.45,110,4,1.2,189,17,155,"Manila, Philippines"
Dr. MARIANO B. NUÃƒÂ‘EZ,Intensivist,13:26,18:04,Adventist Medical Center Manila,9.87,150,11,4.1,25,20,156,"Manila, Philippines"
Dr. IBRAHIM M. NUÃƒÂ‘O,Pathologist,15:22,20:02,"St. Clare’s Medical Center, Inc.",22.45,90,2,4.4,151,11,157,"Manila, Philippines"
Dr. JOSEPH CHRISTOPHER T. OAMIL,Psychiatrist,18:05,18:58,UERM Medical Center,10.56,200,22,1,186,14,158,"Manila, Philippines"
Dr. PHILIP-JOHN F. OAMIL,Dermatologist,16:35,20:59,East Avenue Medical Center,10.45,140,11,3.7,15,16,159,"Manila, Philippines"
Dr. HENRY R. OANE,Radiologist,15:29,17:53,Chinese General Hospital and Medical Center,14.23,170,5,4.4,57,25,160,"Manila, Philippines"
Dr. NENETH M. OBEDENCIO,Emergency Medicine,19:06,20:42,Providence Hospital,17.89,70,28,1.3,107,5,161,"Manila, Philippines"
Dr. ELISA A. OBEDOZA,Hematologist,15:06,19:20,American Hospital,5.76,90,14,1.1,105,2,162,"Manila, Philippines"
Dr. MANUEL JR S. OBEDOZA,Immunologist,12:07,17:04,American Hospital,5.76,90,21,2.5,133,2,163,"Manila, Philippines"
Dr. ALBERTO B. OBIAS,Urologist,19:14,20:12,Gat Andres Bonifacio Memorial Medical Center,15.76,90,13,3,2,1,164,"Manila, Philippines"
Dr. ALBERT A. OCAMPO,Nephrologist,17:05,18:11,Our Lady of Lourdes Hospital,21.45,100,16,3.5,144,21,165,"Manila, Philippines"
Dr. EDGARDO R. OCAMPO,Gynecologist,15:12,18:15,Philippine Children's Medical Center,18.12,140,25,3.1,160,26,166,"Manila, Philippines"
Dr. JASON N. OCAMPO,Nephrologist,19:06,19:34,East Avenue Medical Center,10.45,140,18,4.8,186,16,167,"Manila, Philippines"
Dr. LEODINA F. OCAMPO,Endocrinologist,7:26,15:45,UERM Medical Center,10.56,200,23,1.8,98,14,168,"Manila, Philippines"
Dr. OLIVER G. OCAMPO,Geriatrician,16:19,18:35,Gat Andres Bonifacio Memorial Medical Center,15.76,90,23,2.6,66,1,169,"Manila, Philippines"
Dr. MA JOSEFA S. OCHONA,Immunologist,17:09,17:48,Santa Ana Hospital,20.12,85,24,4.1,41,9,170,"Manila, Philippines"
Dr. VAN D. OCTOT,Pediatrician,11:36,15:31,Providence Hospital,17.89,70,19,4.4,169,5,171,"Manila, Philippines"
Dr. ROGER A. ODUCAYEN,Anesthesiologist,10:57,15:44,American Hospital,5.76,90,30,2.1,62,2,172,"Manila, Philippines"
Dr. RICHARD G. ODVINA,Endocrinologist,9:53,16:15,Medical Arts Building | Chinese General Hospital,12.67,85,5,2,138,4,173,"Manila, Philippines"
Dr. ANGELINE L. OFRACIO,Gastroenterologist,9:10,18:52,Perpetual Help Medical Center - Las PiÃ±as Hospital,24.78,90,30,3.7,71,7,174,"Manila, Philippines"
Dr. EFREN V. OGAÃƒÂ‘A,Hematologist,10:53,18:29,World Citi Medical Center,16.78,90,13,1.5,93,18,175,"Manila, Philippines"
Dr. SOLIMAN G. OJERA,Urologist,20:19,20:50,New Era General Hospital,20.23,75,29,1.8,11,28,176,"Manila, Philippines"
Dr. LEONARDO N. OLAER,Nephrologist,19:24,19:52,Justice Jose Abad Santos General Hospital,15.67,90,15,1.6,191,6,177,"Manila, Philippines"
Dr. SUNDAY O. OLANGO,Ophthalmologist,9:06,19:17,The Medical City Ermita,11.34,140,24,1.6,101,29,178,"Manila, Philippines"
Dr. LEANDRO JR C. OLAÃƒÂ‘O,Gynecologist,13:19,15:36,Las PiÃ±as General Hospital and Satellite Trauma Center,24.56,120,4,4.5,36,24,179,"Manila, Philippines"
Dr. KAREN B. OLAYRES,Intensivist,17:46,20:11,East Avenue Medical Center,10.45,140,13,4.3,79,16,180,"Manila, Philippines"
Dr. ELIZALDE V. OLEGA,Orthopedist,15:18,17:00,ManilaMed,13.45,110,20,3.9,75,17,181,"Manila, Philippines"
Dr. NENITA M. OLIGAN,Radiologist,10:58,18:18,"Capitol Medical Center, Inc.",6.54,200,22,3.3,121,27,182,"Manila, Philippines"
Dr. ARRON M. OLIVA,Pulmonologist,8:15,8:56,Makati Medical Center,8.45,150,29,2.2,52,13,183,"Manila, Philippines"
Dr. VICTOR E. OLIVA,Ophthalmologist,7:24,18:32,American Hospital,5.76,90,27,4.9,116,2,184,"Manila, Philippines"
Dr. NOEL G. OLIVAR,Nephrologist,7:46,17:23,Ma. Clara Lying-in-Clinic,19.76,45,28,2.3,127,19,185,"Manila, Philippines"
Dr. VICENTE JR R. OLIVER,Pediatrician,18:03,19:57,East Avenue Medical Center,10.45,140,8,1.1,117,16,186,"Manila, Philippines"
Dr. ARLENE B. OLIVERON,Medical Geneticist,7:21,10:34,Adventist Medical Center Manila,9.87,150,16,5,169,20,187,"Manila, Philippines"
Dr. HENRY F. OLIVETE,Anesthesiologist,10:42,19:10,Medical Arts Building | Chinese General Hospital,12.67,85,7,1.3,197,4,188,"Manila, Philippines"
Dr. ELPIDIO F. OMAY,Anesthesiologist,14:00,18:25,UERM Medical Center,10.56,200,28,4,195,14,189,"Manila, Philippines"
Dr. HESEQUIO C. OMELDA,Radiologist,18:05,20:27,Gat Andres Bonifacio Memorial Medical Center,15.76,90,12,4.8,183,1,190,"Manila, Philippines"
Dr. GERALDO I. ONDA,Intensivist,12:00,14:41,Perpetual Help Medical Center - Las PiÃ±as Hospital,24.78,90,13,4.3,108,7,191,"Manila, Philippines"
Dr. ALEXANDER T. ONG,Radiologist,11:21,12:08,Annette General Hospital,20.12,100,6,2.7,34,3,192,"Manila, Philippines"
Dr. BENITO L. ONG,Pulmonologist,8:51,9:28,Bagong Ospital ng Maynila,11.22,130,29,1.1,99,8,193,"Manila, Philippines"
Dr. JASMIN S. ONG,Orthopedist,13:30,18:42,Perpetual Help Medical Center - Las PiÃ±as Hospital,24.78,90,24,2.5,93,7,194,"Manila, Philippines"
Dr. NIXON C. ONG,Nephrologist,19:40,19:52,Chinese General Hospital and Medical Center,14.23,170,26,1.8,10,25,195,"Manila, Philippines"
Dr. RENATO F. ONG,Pediatrician,8:14,10:38,Adventist Medical Center Manila,9.87,150,10,3.7,185,20,196,"Manila, Philippines"
Dr. RENATO P. ONG,Pain Management,15:58,20:58,Las PiÃ±as General Hospital and Satellite Trauma Center,24.56,120,5,2.1,93,24,197,"Manila, Philippines"
Dr. ROMULO JR B. OPAO,Gastroenterologist,14:50,17:14,Las PiÃ±as General Hospital and Satellite Trauma Center,24.56,120,22,2.8,53,24,198,"Manila, Philippines"
Dr. VINCENT M. OPEÃƒÂ‘A,Endocrinologist,19:03,19:08,New Era General Hospital,20.23,75,14,1.6,156,28,199,"Manila, Philippines"
Dr. EDWIN S. OPINA,Geriatrician,13:58,19:23,World Citi Medical Center,16.78,90,18,4,151,18,200,"Manila, Philippines"
Dr. VIVIANE B. OPLADO-RUSTE,Cardiologist,12:27,14:49,PULSE Clinic Manila | A Lifestyle Clinic,19.56,50,3,4.7,181,30,201,"Manila, Philippines"
Dr. DENNIS I. OPORTO,Pediatrician,17:44,20:51,Ma. Clara Lying-in-Clinic,19.76,45,22,2.1,8,19,202,"Manila, Philippines"
Dr. RAMON A. ORBITA,Endocrinologist,18:54,20:36,East Avenue Medical Center,10.45,140,6,3.8,24,16,203,"Manila, Philippines"
Dr. MARY ANN M. ORDESTA,Urologist,14:54,19:10,National Children's Hospital,16.78,95,12,3.7,3,23,204,"Manila, Philippines"
Dr. JULIUS CESAR G. ORDINARIA,Orthopedist,17:06,17:09,The Medical City Ermita,11.34,140,6,2.3,26,29,205,"Manila, Philippines"
Dr. ROBERTO JR F. ORDOÃƒÂ‘A,Gynecologist,15:39,18:16,Gat Andres Bonifacio Memorial Medical Center,15.76,90,8,3.5,22,1,206,"Manila, Philippines"
Dr. LOUR ANTHONY T. ORDOÃƒÂ‘EZ,Infectious Disease,15:34,18:03,Santa Ana Hospital,20.12,85,10,2,62,9,207,"Manila, Philippines"
Dr. VIRGILIO O. ORDOÃƒÂ‘EZ,Pathologist,9:31,13:51,Gat Andres Bonifacio Memorial Medical Center,15.76,90,5,3.6,70,1,208,"Manila, Philippines"
Dr. JHORIE N. OREIRO,Anesthesiologist,20:33,20:38,Santa Ana Hospital,20.12,85,8,3.1,90,9,209,"Manila, Philippines"
Dr. LORETA . ORESTE-FRANCA,Psychiatrist,15:35,20:44,American Hospital,5.76,90,14,4.4,68,2,210,"Manila, Philippines"
Dr. JESSIE R. ORIBIANA,Dermatologist,10:32,13:15,Justice Jose Abad Santos General Hospital,15.67,90,15,3.3,192,6,211,"Manila, Philippines"
Dr. CHRISTOPHER N. ORIÃƒÂ‘A,Gynecologist,20:20,20:53,Gat Andres Bonifacio Memorial Medical Center,15.76,90,19,2.8,158,1,212,"Manila, Philippines"
Dr. JOHN R. ORINGO,Orthopedist,19:57,20:22,Centuria Medical Makati,4.56,75,3,2.6,162,10,213,"Manila, Philippines"
Dr. ENRILE C. ORJAS,Dermatologist,8:33,16:27,TopHealth Medical Clinic,14.56,110,14,4.1,107,12,214,"Manila, Philippines"
Dr. MARIO C. ORLANDA,Immunologist,8:39,16:24,Makati Medical Center,8.45,150,30,2.4,133,13,215,"Manila, Philippines"
Dr. BENJIE G. ORPILLA,Gynecologist,16:48,18:18,ManilaMed,13.45,110,7,1.8,14,17,216,"Manila, Philippines"
Dr. ARIEL S. ORQUIOLA,Hematologist,14:35,16:59,ManilaMed,13.45,110,25,2.7,83,17,217,"Manila, Philippines"
Dr. JEFFERSON R. ORTEGA,Cardiologist,17:01,18:17,Our Lady of Lourdes Hospital,21.45,100,28,4.2,89,21,218,"Manila, Philippines"
Dr. JOSE I. ORTEGA,Ophthalmologist,10:56,16:18,Philippine Children's Medical Center,18.12,140,23,1.6,123,26,219,"Manila, Philippines"
Dr. EDWIN M. ORTIZ,Pediatrician,12:16,18:46,"Capitol Medical Center, Inc.",6.54,200,2,3,105,27,220,"Manila, Philippines"
Dr. ROMEO JR P. ORTIZ,Gynecologist,20:48,20:57,National Children's Hospital,16.78,95,26,4.4,41,23,221,"Manila, Philippines"
Dr. ALFONSITO J. ORZALES,Gynecologist,12:29,15:57,World Citi Medical Center,16.78,90,10,3.1,23,18,222,"Manila, Philippines"
Dr. ROLAND TITO A. OSIAL,Geriatrician,19:11,19:41,Centuria Medical Makati,4.56,75,22,3.8,37,10,223,"Manila, Philippines"
Dr. OMAR T. OSIN,Psychiatrist,16:09,16:45,"Capitol Medical Center, Inc.",6.54,200,24,2.4,34,27,224,"Manila, Philippines"
Dr. JOSEPH B. OSTIQUE,Endocrinologist,15:36,20:51,American Hospital,5.76,90,13,2.6,32,2,225,"Manila, Philippines"
Dr. NAPOLEON P. OUANO,Gynecologist,19:15,20:10,Justice Jose Abad Santos General Hospital,15.67,90,4,1.3,70,6,226,"Manila, Philippines"
Dr. FEDERICO T. OZON,Nephrologist,16:18,20:16,VRP Medical Center,18.34,150,1,2.6,98,22,227,"Manila, Philippines"
Dr. SOCRATES JR F. PAAT,Geriatrician,17:17,17:52,Annette General Hospital,20.12,100,19,2.5,15,3,228,"Manila, Philippines"
Dr. FORTUNATO O. PABELLO,Pathologist,18:06,20:10,Las PiÃ±as General Hospital and Satellite Trauma Center,24.56,120,15,4.3,20,24,229,"Manila, Philippines"
Dr. MARIA ASUNCION M. PABILLO,Pain Management,11:48,17:38,VRP Medical Center,18.34,150,13,3.1,1,22,230,"Manila, Philippines"
Dr. PHILIP M. PABILONA,Pain Management,8:14,13:37,Bagong Ospital ng Maynila,11.22,130,8,2.3,177,8,231,"Manila, Philippines"
Dr. MANNY I. PABINAL,Radiologist,16:59,18:14,East Avenue Medical Center,10.45,140,10,4.5,196,16,232,"Manila, Philippines"
Dr. RAMIL B. PABLO,Anesthesiologist,20:27,20:54,Medical Arts Building | Chinese General Hospital,12.67,85,3,4.3,69,4,233,"Manila, Philippines"
Dr. NAJDORF P. PABUAYA,Radiologist,15:53,18:53,"Capitol Medical Center, Inc.",6.54,200,25,1.5,82,27,234,"Manila, Philippines"
Dr. CATHERINE T. PABULAR,Immunologist,7:10,11:41,Providence Hospital,17.89,70,1,1.5,62,5,235,"Manila, Philippines"
Dr. JOVENTINO JR O. PACA,Nephrologist,18:41,19:25,Ma. Clara Lying-in-Clinic,19.76,45,19,1.4,144,19,236,"Manila, Philippines"
Dr. JOEL D. PACAÃƒÂ‘A,Gynecologist,9:09,13:42,Santa Ana Hospital,20.12,85,25,2,148,9,237,"Manila, Philippines"
Dr. SUZETTE B. PACAÃƒÂ‘A,Ophthalmologist,10:21,15:36,Healthway - 8 Adriatico Manila,8.65,95,11,3.7,168,15,238,"Manila, Philippines"
Dr. ALBINO T. PACE,Orthopedist,13:20,16:08,UERM Medical Center,10.56,200,27,1.8,79,14,239,"Manila, Philippines"
Dr. CARLITO D. PACE,Intensivist,18:16,20:23,Justice Jose Abad Santos General Hospital,15.67,90,1,3,199,6,240,"Manila, Philippines"
Dr. ROSENDO D. PACHICA,Cardiologist,18:48,20:56,ManilaMed,13.45,110,9,4.1,28,17,241,"Manila, Philippines"
Dr. KLIAMYLEE P. PACILAN,Anesthesiologist,11:53,20:46,Santa Ana Hospital,20.12,85,12,3.8,191,9,242,"Manila, Philippines"
Dr. JANWELL E. PACIO,Endocrinologist,12:08,20:30,Ma. Clara Lying-in-Clinic,19.76,45,29,1.4,198,19,243,"Manila, Philippines"
Dr. WINSTON P. PACIS,Urologist,19:24,20:36,Centuria Medical Makati,4.56,75,10,3.8,112,10,244,"Manila, Philippines"
Dr. IVER Q. PACLIBAR,Nephrologist,10:16,15:33,Ma. Clara Lying-in-Clinic,19.76,45,24,4.8,88,19,245,"Manila, Philippines"
Dr. RAMON D. PACLIBAR,Pathologist,17:31,20:34,Centuria Medical Makati,4.56,75,22,2.5,44,10,246,"Manila, Philippines"
Dr. BENEDICT C. PACNOS,Nephrologist,7:32,17:59,Philippine Children's Medical Center,18.12,140,29,1.6,43,26,247,"Manila, Philippines"
Dr. MARIO B. PACURI,Nephrologist,14:01,17:29,National Children's Hospital,16.78,95,26,2.7,71,23,248,"Manila, Philippines"
Dr. ERIC G. PADA,Anesthesiologist,9:37,16:29,The Medical City Ermita,11.34,140,8,2.8,145,29,249,"Manila, Philippines"
Dr. MANNY B. PAD-AY,Intensivist,9:56,10:05,Perpetual Help Medical Center - Las PiÃ±as Hospital,24.78,90,10,3.3,170,7,250,"Manila, Philippines"
Dr. FABIAN S. PADAYAO,Pulmonologist,9:47,17:03,PULSE Clinic Manila | A Lifestyle Clinic,19.56,50,13,4.6,109,30,251,"Manila, Philippines"
Dr. JONATHAN K. PADDUYAO,Ophthalmologist,9:53,19:25,"Capitol Medical Center, Inc.",6.54,200,7,5,124,27,252,"Manila, Philippines"
Dr. ROSEVILLA A. PADERNILLA,Hematologist,9:58,15:08,Las PiÃ±as General Hospital and Satellite Trauma Center,24.56,120,27,3.2,87,24,253,"Manila, Philippines"
Dr. FEDERICO JR V. PADILLA,Orthopedist,16:42,19:59,Medical Arts Building | Chinese General Hospital,12.67,85,6,4,105,4,254,"Manila, Philippines"
Dr. HENRY II F. PADILLA,Dermatologist,17:39,18:56,American Hospital,5.76,90,27,2.8,189,2,255,"Manila, Philippines"
Dr. LUCILA D. PADILLA,Geriatrician,15:32,19:03,The Medical City Ermita,11.34,140,20,1.6,60,29,256,"Manila, Philippines"
Dr. REYNALDO B. PADILLO,Immunologist,15:53,17:57,"St. Clare’s Medical Center, Inc.",22.45,90,7,4.5,67,11,257,"Manila, Philippines"
Dr. BONICILO III U. PADLA,Pathologist,20:17,20:18,Philippine Children's Medical Center,18.12,140,3,3.5,12,26,258,"Manila, Philippines"
Dr. MARIBETH B. PADLA,Gynecologist,7:07,15:18,Philippine Children's Medical Center,18.12,140,24,4.2,32,26,259,"Manila, Philippines"
Dr. JOEY H. PADRO,Immunologist,12:58,15:57,ManilaMed,13.45,110,18,2,9,17,260,"Manila, Philippines"
Dr. JAYSON E. PADRON,Psychiatrist,13:56,17:19,Centuria Medical Makati,4.56,75,23,3.2,157,10,261,"Manila, Philippines"
Dr. MARIO R. PADUA,Intensivist,18:22,20:30,Justice Jose Abad Santos General Hospital,15.67,90,20,3.2,75,6,262,"Manila, Philippines"
Dr. RYAN D. PAGAL,Neurologist,18:45,20:22,World Citi Medical Center,16.78,90,1,3.4,136,18,263,"Manila, Philippines"
Dr. CHARLITO I. PAGANPAN,Gynecologist,14:17,18:30,New Era General Hospital,20.23,75,15,2.7,152,28,264,"Manila, Philippines"
Dr. EDUARDO E. PAGASPAS,Anesthesiologist,14:10,18:23,UERM Medical Center,10.56,200,26,1.6,107,14,265,"Manila, Philippines"
Dr. NESTOR T. PAGATPATAN,Hematologist,11:13,13:43,Makati Medical Center,8.45,150,20,2.7,96,13,266,"Manila, Philippines"
Dr. JERRY T. PAGDAWAN,Endocrinologist,9:30,10:45,Philippine Children's Medical Center,18.12,140,15,1.6,131,26,267,"Manila, Philippines"
Dr. GERMAN M. PAGDONSOLAN,Radiologist,12:25,13:52,"Capitol Medical Center, Inc.",6.54,200,18,2.4,69,27,268,"Manila, Philippines"
Dr. JENNY C. PAGLINAWAN,Psychiatrist,17:35,18:43,Justice Jose Abad Santos General Hospital,15.67,90,21,4.3,69,6,269,"Manila, Philippines"
Dr. VIRGINIA T. PAGLINAWAN,Gynecologist,19:53,20:12,Ma. Clara Lying-in-Clinic,19.76,45,2,1.1,70,19,270,"Manila, Philippines"
Dr. KRISTINE M. PAGSOLINGAN,Pediatrician,15:03,19:51,Providence Hospital,17.89,70,11,1.5,3,5,271,"Manila, Philippines"
Dr. ALEX C. PAGUIO,Cardiologist,16:23,19:48,PULSE Clinic Manila | A Lifestyle Clinic,19.56,50,6,4.8,140,30,272,"Manila, Philippines"
Dr. MELISSA B. PAGUIRIGAN,Intensivist,11:26,15:31,Santa Ana Hospital,20.12,85,15,3.1,22,9,273,"Manila, Philippines"
Dr. ALAN M. PAHANG,Urologist,10:43,20:06,VRP Medical Center,18.34,150,22,4.5,40,22,274,"Manila, Philippines"
Dr. ANGELES A. PAHAYAHAY,Pain Management,17:06,17:16,Gat Andres Bonifacio Memorial Medical Center,15.76,90,19,1.2,119,1,275,"Manila, Philippines"
Dr. JOSE JR C. PAJARILLO,Urologist,9:41,12:50,Philippine Children's Medical Center,18.12,140,2,5,110,26,276,"Manila, Philippines"
Dr. MARIA JOANNA A. PAJARILLO,Intensivist,16:32,18:01,Makati Medical Center,8.45,150,21,4.6,32,13,277,"Manila, Philippines"
Dr. NELSON R. PAJARILLO,Pulmonologist,17:39,19:19,PULSE Clinic Manila | A Lifestyle Clinic,19.56,50,29,1,120,30,278,"Manila, Philippines"
Dr. MELVIN C. PAJARITO,Anesthesiologist,19:38,20:30,New Era General Hospital,20.23,75,29,3.2,200,28,279,"Manila, Philippines"
Dr. JOEL R. PAJO,Geriatrician,12:08,13:01,Philippine Children's Medical Center,18.12,140,23,1.2,190,26,280,"Manila, Philippines"
Dr. NOEL P. PALABRICA,Anesthesiologist,20:44,20:52,New Era General Hospital,20.23,75,1,3,155,28,281,"Manila, Philippines"
Dr. ABUNDIO JR M. PALACIO,Gynecologist,12:12,15:27,National Children's Hospital,16.78,95,20,1.9,92,23,282,"Manila, Philippines"
Dr. MAUREEN MAE M. PALAFOX,Emergency Medicine,19:23,20:16,Santa Ana Hospital,20.12,85,12,1,173,9,283,"Manila, Philippines"
Dr. AGUSTIN JR G. PALANGEO,Radiologist,10:00,11:10,Gat Andres Bonifacio Memorial Medical Center,15.76,90,16,4.9,98,1,284,"Manila, Philippines"
Dr. ROBERTO RIZAL P. PALANOG,Geriatrician,16:18,20:32,"Capitol Medical Center, Inc.",6.54,200,4,3.7,194,27,285,"Manila, Philippines"
Dr. NESTORIO G. PALAO,Gastroenterologist,8:51,19:01,Our Lady of Lourdes Hospital,21.45,100,27,2.8,156,21,286,"Manila, Philippines"
Dr. LEOVINO A. PALIS,Anesthesiologist,19:12,19:21,Annette General Hospital,20.12,100,27,4.8,102,3,287,"Manila, Philippines"
Dr. ERIKA BONNA B. PALMA,Radiologist,16:52,17:11,Medical Arts Building | Chinese General Hospital,12.67,85,19,4.6,84,4,288,"Manila, Philippines"
Dr. EDWINO T. PALOMA,Ophthalmologist,12:58,14:54,Gat Andres Bonifacio Memorial Medical Center,15.76,90,13,1.1,90,1,289,"Manila, Philippines"
Dr. ALEXANDER D. PALTAO,Radiologist,20:41,20:54,TopHealth Medical Clinic,14.56,110,3,1.7,26,12,290,"Manila, Philippines"
Dr. ANGELIE C. PAMA,Pulmonologist,16:35,16:53,World Citi Medical Center,16.78,90,18,4.2,92,18,291,"Manila, Philippines"
Dr. CHRIS MARTIN LORENZ V. PAMA,Geriatrician,20:43,20:45,Chinese General Hospital and Medical Center,14.23,170,8,1.5,60,25,292,"Manila, Philippines"
Dr. MUSLIMIN S. PAMIKIRIN,Cardiologist,16:37,20:06,Our Lady of Lourdes Hospital,21.45,100,8,4.3,106,21,293,"Manila, Philippines"
Dr. ELIAS V. PAN,Gynecologist,14:32,16:07,Our Lady of Lourdes Hospital,21.45,100,23,2.5,122,21,294,"Manila, Philippines"
Dr. REYNALDO A. PANALIGAN,Gynecologist,12:05,14:13,Our Lady of Lourdes Hospital,21.45,100,20,1.4,70,21,295,"Manila, Philippines"
Dr. ANNABELLE R. PANGAN,Nephrologist,12:40,16:56,Las PiÃ±as General Hospital and Satellite Trauma Center,24.56,120,3,4.8,174,24,296,"Manila, Philippines"
Dr. ABEL M. PANGILINAN,Emergency Medicine,8:49,11:13,Justice Jose Abad Santos General Hospital,15.67,90,29,4.1,117,6,297,"Manila, Philippines"
Dr. IAN PETER D. PANGILINAN,Ophthalmologist,16:23,16:27,American Hospital,5.76,90,29,4.4,118,2,298,"Manila, Philippines"
Dr. MARLENE R. PANGILINAN,Pathologist,9:41,11:06,American Hospital,5.76,90,20,1.4,150,2,299,"Manila, Philippines"
Dr. RICHARD F. PANGILINAN,Infectious Disease,16:06,17:40,National Children's Hospital,16.78,95,7,1.9,13,23,300,"Manila, Philippines"
Dr. LARRY ANTHONY S. PANIBIO,Medical Geneticist,10:58,18:02,American Hospital,5.76,90,2,1.2,36,2,301,"Manila, Philippines"
Dr. REDGY V. PANILAN,Pain Management,15:35,19:31,Makati Medical Center,8.45,150,19,3.2,122,13,302,"Manila, Philippines"
Dr. RAYMUNDO D. PANOPIO,Pulmonologist,7:13,15:45,Bagong Ospital ng Maynila,11.22,130,20,3.3,8,8,303,"Manila, Philippines"
Dr. CLAIDE M. PANTI,Pediatrician,20:21,20:31,UERM Medical Center,10.56,200,26,4.1,105,14,304,"Manila, Philippines"
Dr. RAFAEL V. PANTI,Medical Geneticist,13:26,17:14,Healthway - 8 Adriatico Manila,8.65,95,13,1.4,135,15,305,"Manila, Philippines"
Dr. AL GLENN T. PANTILAGAN,Ophthalmologist,16:28,19:35,Ma. Clara Lying-in-Clinic,19.76,45,28,1.7,171,19,306,"Manila, Philippines"
Dr. EFREN M. PANTOJA,Nephrologist,18:44,20:07,Perpetual Help Medical Center - Las PiÃ±as Hospital,24.78,90,12,2.9,125,7,307,"Manila, Philippines"
Dr. CRISTITUTO JR V. PANTUA,Nephrologist,12:33,19:48,Las PiÃ±as General Hospital and Satellite Trauma Center,24.56,120,14,4.7,4,24,308,"Manila, Philippines"
Dr. MAGLANGIT M. PAPANDAYAN,Infectious Disease,17:17,19:46,Santa Ana Hospital,20.12,85,5,3.1,129,9,309,"Manila, Philippines"
Dr. LUBERTH ARNOL F. PAQUINO,Pulmonologist,7:20,17:30,World Citi Medical Center,16.78,90,14,4.4,85,18,310,"Manila, Philippines"
Dr. ERLINDA A. PARAGAS,Pain Management,15:34,15:46,Santa Ana Hospital,20.12,85,1,3.9,21,9,311,"Manila, Philippines"
Dr. GLORIA D. PARAGAS,Pathologist,10:21,16:13,PULSE Clinic Manila | A Lifestyle Clinic,19.56,50,23,1.6,114,30,312,"Manila, Philippines"
Dr. RAMON B. PARAMA,Pediatrician,13:36,13:43,Chinese General Hospital and Medical Center,14.23,170,18,2.4,172,25,313,"Manila, Philippines"
Dr. REYDANTE N. PARAMA,Endocrinologist,15:38,17:57,TopHealth Medical Clinic,14.56,110,7,3.5,11,12,314,"Manila, Philippines"
Dr. DOMINGO M. PARARUAN,Ophthalmologist,18:22,20:04,Centuria Medical Makati,4.56,75,5,2,119,10,315,"Manila, Philippines"
Dr. EDISOL C. PARAS,Nephrologist,16:04,20:25,TopHealth Medical Clinic,14.56,110,5,4.6,130,12,316,"Manila, Philippines"
Dr. RAIDEN C. PARAS,Pulmonologist,18:06,18:52,National Children's Hospital,16.78,95,27,1.7,125,23,317,"Manila, Philippines"
Dr. FAUSTO JR D. PARBA,Neurologist,11:01,13:41,Centuria Medical Makati,4.56,75,2,3.8,62,10,318,"Manila, Philippines"
Dr. JUNEL A. PARDORLA,Psychiatrist,18:09,19:50,Adventist Medical Center Manila,9.87,150,10,4.4,91,20,319,"Manila, Philippines"
Dr. JESSIE P. PAREL,Medical Geneticist,9:13,20:45,Makati Medical Center,8.45,150,25,1.7,152,13,320,"Manila, Philippines"
Dr. RAILEY Y. PARENAS,Ophthalmologist,12:58,20:36,Ma. Clara Lying-in-Clinic,19.76,45,26,1.6,190,19,321,"Manila, Philippines"
Dr. NICOMEDES JR D. PARILLA,Pathologist,9:21,10:29,Our Lady of Lourdes Hospital,21.45,100,11,1.8,22,21,322,"Manila, Philippines"
Dr. AHAMAD KHOURSHED H. PARIS,Neurologist,9:07,20:01,The Medical City Ermita,11.34,140,16,2.5,75,29,323,"Manila, Philippines"
Dr. FRANCIS P. PARRA,Radiologist,11:05,12:56,Bagong Ospital ng Maynila,11.22,130,7,3.5,155,8,324,"Manila, Philippines"
Dr. EDGAR P. PARREÃƒÂ‘O,Endocrinologist,20:08,20:47,UERM Medical Center,10.56,200,6,2,35,14,325,"Manila, Philippines"
Dr. EDUARDO F. PARRILLA,Medical Geneticist,9:10,20:41,Ma. Clara Lying-in-Clinic,19.76,45,30,1.6,95,19,326,"Manila, Philippines"
Dr. BOB C. PARUNGAO,Neurologist,12:40,20:33,Gat Andres Bonifacio Memorial Medical Center,15.76,90,22,2.6,82,1,327,"Manila, Philippines"
Dr. ALEXANDER G. PASANDALAN,Gastroenterologist,9:27,13:22,East Avenue Medical Center,10.45,140,26,1.8,12,16,328,"Manila, Philippines"
Dr. SOBAIR A. PASANDALAN,Urologist,17:53,17:57,ManilaMed,13.45,110,29,1.3,161,17,329,"Manila, Philippines"
Dr. NESTOR R. PASCO,Anesthesiologist,10:28,17:03,Ma. Clara Lying-in-Clinic,19.76,45,4,2,5,19,330,"Manila, Philippines"
Dr. CHRISTOPHER L. PASCUA,Pathologist,16:55,18:55,Las PiÃ±as General Hospital and Satellite Trauma Center,24.56,120,24,5,59,24,331,"Manila, Philippines"
Dr. ROSALYN B. PASCUA,Immunologist,20:01,20:37,American Hospital,5.76,90,20,3.1,138,2,332,"Manila, Philippines"
Dr. VOLTAIRE JESUS J. PASCUA,Immunologist,11:14,20:39,American Hospital,5.76,90,12,1.2,125,2,333,"Manila, Philippines"
Dr. ANGELITA Z. PASCUAL,Radiologist,11:26,20:34,Ma. Clara Lying-in-Clinic,19.76,45,8,2.9,61,19,334,"Manila, Philippines"
Dr. JOSEPHINE T. PASCUAL,Dermatologist,7:56,14:31,Philippine Children's Medical Center,18.12,140,7,3.5,100,26,335,"Manila, Philippines"
Dr. ROSARIO G. PASCUAL,Endocrinologist,8:59,16:37,National Children's Hospital,16.78,95,11,2.7,12,23,336,"Manila, Philippines"
Dr. TITO S. PASCUAL,Neurologist,14:42,18:29,New Era General Hospital,20.23,75,30,4.3,105,28,337,"Manila, Philippines"
Dr. GERUIN E. PASOPASO,Ophthalmologist,11:23,12:58,Justice Jose Abad Santos General Hospital,15.67,90,27,3.6,11,6,338,"Manila, Philippines"
Dr. ALBERT G. PASTOR,Cardiologist,11:38,16:35,TopHealth Medical Clinic,14.56,110,10,2.7,18,12,339,"Manila, Philippines"
Dr. FERMIN JR L. PATACSIL,Gynecologist,9:33,19:01,Ma. Clara Lying-in-Clinic,19.76,45,11,3.2,116,19,340,"Manila, Philippines"
Dr. ELPIDIO A. PATANGAN,Neurologist,11:53,15:56,Providence Hospital,17.89,70,12,4.1,12,5,341,"Manila, Philippines"
Dr. MARVIN L. PATANGUI,Dermatologist,8:34,12:33,Providence Hospital,17.89,70,26,1.7,164,5,342,"Manila, Philippines"
Dr. DONDON C. PATAPAT,Immunologist,13:25,17:07,Ma. Clara Lying-in-Clinic,19.76,45,30,3.2,191,19,343,"Manila, Philippines"
Dr. JOEL G. PATARAY,Hematologist,15:08,17:45,Annette General Hospital,20.12,100,28,4.1,182,3,344,"Manila, Philippines"
Dr. CHRISTIE CARLAN T. PATAWARAN,Urologist,8:55,13:01,Centuria Medical Makati,4.56,75,25,1.3,164,10,345,"Manila, Philippines"
Dr. LEONARDO JR B. PATILLEROS,Intensivist,11:31,13:15,Chinese General Hospital and Medical Center,14.23,170,5,2.6,120,25,346,"Manila, Philippines"
Dr. ELMER L. PATINDOL,Orthopedist,19:25,19:30,Our Lady of Lourdes Hospital,21.45,100,26,3.8,19,21,347,"Manila, Philippines"
Dr. RENATO S. PATRICIO,Medical Geneticist,11:53,12:31,Providence Hospital,17.89,70,23,1.5,87,5,348,"Manila, Philippines"
Dr. CARMELO A. PATRON,Gastroenterologist,7:30,17:12,Our Lady of Lourdes Hospital,21.45,100,30,4.3,19,21,349,"Manila, Philippines"
Dr. JOSELITO P. PATRON,Hematologist,11:01,14:00,Makati Medical Center,8.45,150,28,1.4,53,13,350,"Manila, Philippines"
Dr. JAIME A. PATTAUI,Urologist,17:57,19:43,Santa Ana Hospital,20.12,85,2,1.1,15,9,351,"Manila, Philippines"
Dr. NOEL T. PAULINO,Endocrinologist,8:10,13:54,ManilaMed,13.45,110,17,1.3,161,17,352,"Manila, Philippines"
Dr. VICTORINO C. PAZ,Dermatologist,16:22,18:56,Las PiÃ±as General Hospital and Satellite Trauma Center,24.56,120,24,4.9,42,24,353,"Manila, Philippines"
Dr. ROSALITO C. PAZO,Psychiatrist,8:27,20:20,Annette General Hospital,20.12,100,8,2.3,65,3,354,"Manila, Philippines"
Dr. ALBERT A. PAZON,Pediatrician,12:58,17:02,PULSE Clinic Manila | A Lifestyle Clinic,19.56,50,24,3.1,45,30,355,"Manila, Philippines"
Dr. BIENVENIDO C. PEDREGOSA,Immunologist,12:54,16:30,New Era General Hospital,20.23,75,30,4.9,60,28,356,"Manila, Philippines"
Dr. MARY JOY A. PEDREGOSA,Nephrologist,14:21,18:58,Ma. Clara Lying-in-Clinic,19.76,45,27,2.1,51,19,357,"Manila, Philippines"
Dr. JOSELITO D. PEDRO,Radiologist,7:44,10:56,Las PiÃ±as General Hospital and Satellite Trauma Center,24.56,120,5,1.7,99,24,358,"Manila, Philippines"
Dr. SALVADOR B. PEDRO,Intensivist,20:36,20:49,East Avenue Medical Center,10.45,140,9,3.8,33,16,359,"Manila, Philippines"
Dr. GERLO A. PEDROSA,Geriatrician,10:47,12:06,Las PiÃ±as General Hospital and Satellite Trauma Center,24.56,120,20,2.7,143,24,360,"Manila, Philippines"
Dr. VINCENT C. PEDROSA,Psychiatrist,10:05,19:32,Santa Ana Hospital,20.12,85,11,3,119,9,361,"Manila, Philippines"
Dr. ELADIO JR H. PEDROSO,Dermatologist,17:33,19:33,New Era General Hospital,20.23,75,3,2,194,28,362,"Manila, Philippines"
Dr. HAIDEE M. PEDROSO-DOLOT,Urologist,17:57,18:29,Annette General Hospital,20.12,100,8,2.7,109,3,363,"Manila, Philippines"
Dr. CHRISTINE B. PELAEZ,Pulmonologist,20:19,20:36,Las PiÃ±as General Hospital and Satellite Trauma Center,24.56,120,28,3.9,96,24,364,"Manila, Philippines"
Dr. EDGARDO P. PELIGRIN,Medical Geneticist,11:24,19:05,American Hospital,5.76,90,12,1.8,72,2,365,"Manila, Philippines"
Dr. JOSE JR A. PEÃƒÂ‘AFIEL,Nephrologist,7:22,11:04,Perpetual Help Medical Center - Las PiÃ±as Hospital,24.78,90,14,4.7,71,7,366,"Manila, Philippines"
Dr. WENDELL OLIVER B. PEÃƒÂ‘ALES,Immunologist,9:31,19:39,Healthway - 8 Adriatico Manila,8.65,95,8,4.1,52,15,367,"Manila, Philippines"
Dr. SONIA G. PEÃƒÂ‘ALOSA,Orthopedist,16:03,17:17,PULSE Clinic Manila | A Lifestyle Clinic,19.56,50,20,1.4,9,30,368,"Manila, Philippines"
Dr. MICHAEL B. PEÃƒÂ‘ARANDA,Gynecologist,15:40,16:33,Philippine Children's Medical Center,18.12,140,21,1.6,53,26,369,"Manila, Philippines"
Dr. ARCHIE P. PEÃƒÂ‘AREDONDO,Anesthesiologist,15:05,18:47,PULSE Clinic Manila | A Lifestyle Clinic,19.56,50,20,2.4,14,30,370,"Manila, Philippines"
Dr. ALEXANDER L. PEÃƒÂ‘ERO,Intensivist,20:22,20:25,ManilaMed,13.45,110,5,2.4,113,17,371,"Manila, Philippines"
Dr. TOMASITO T. PEPITO,Medical Geneticist,19:48,19:56,Santa Ana Hospital,20.12,85,15,2.1,98,9,372,"Manila, Philippines"
Dr. APOLLO JR R. PERALTA,Cardiologist,9:16,18:06,VRP Medical Center,18.34,150,17,1.7,57,22,373,"Manila, Philippines"
Dr. MARCELO A. PERALTA,Immunologist,7:01,15:40,Makati Medical Center,8.45,150,23,4.2,154,13,374,"Manila, Philippines"
Dr. MARLINO B. PERALTA,Pathologist,17:21,18:02,Philippine Children's Medical Center,18.12,140,2,1.9,65,26,375,"Manila, Philippines"
Dr. ALAN R. PEREZ,Endocrinologist,7:53,10:12,Justice Jose Abad Santos General Hospital,15.67,90,15,3.5,31,6,376,"Manila, Philippines"
Dr. ARMAND A. PEREZ,Psychiatrist,7:08,19:38,Philippine Children's Medical Center,18.12,140,29,2,185,26,377,"Manila, Philippines"
Dr. AUREL A. PEREZ,Pediatrician,16:33,19:26,Perpetual Help Medical Center - Las PiÃ±as Hospital,24.78,90,22,1.4,57,7,378,"Manila, Philippines"
Dr. BENJAMIN T. PEREZ,Emergency Medicine,15:31,17:19,Santa Ana Hospital,20.12,85,4,1.8,78,9,379,"Manila, Philippines"
Dr. BENJIE P. PEREZ,Nephrologist,14:43,17:56,PULSE Clinic Manila | A Lifestyle Clinic,19.56,50,29,3.3,57,30,380,"Manila, Philippines"
Dr. CHRISTIAN G. PEREZ,Hematologist,13:41,16:08,Las PiÃ±as General Hospital and Satellite Trauma Center,24.56,120,9,4.7,54,24,381,"Manila, Philippines"
Dr. FERDINAND F. PEREZ,Urologist,17:31,18:07,National Children's Hospital,16.78,95,30,3.9,171,23,382,"Manila, Philippines"
Dr. GLENN E. PEREZ,Geriatrician,17:15,17:51,Gat Andres Bonifacio Memorial Medical Center,15.76,90,27,2.7,126,1,383,"Manila, Philippines"
Dr. JOEL V. PEREZ,Nephrologist,8:32,20:46,Makati Medical Center,8.45,150,26,1.3,59,13,384,"Manila, Philippines"
Dr. MARVIN JAY B. PEREZ,Hematologist,13:08,17:00,Bagong Ospital ng Maynila,11.22,130,30,1.9,61,8,385,"Manila, Philippines"
Dr. RAFAEL M. PEREZ,Pediatrician,12:18,19:47,Makati Medical Center,8.45,150,22,3.2,195,13,386,"Manila, Philippines"
Dr. RESTIE O. PEREZ,Ophthalmologist,13:28,20:26,The Medical City Ermita,11.34,140,15,4.5,131,29,387,"Manila, Philippines"
Dr. REYNALDO S. PEREZ,Neurologist,14:40,19:00,Medical Arts Building | Chinese General Hospital,12.67,85,13,2,55,4,388,"Manila, Philippines"
Dr. ROGELIO M. PEREZ,Anesthesiologist,16:51,18:35,Ma. Clara Lying-in-Clinic,19.76,45,8,4.5,45,19,389,"Manila, Philippines"
Dr. PIO P. PERITO,Pediatrician,17:54,19:34,Annette General Hospital,20.12,100,4,2.2,90,3,390,"Manila, Philippines"
Dr. CONRADO JR O. PERLA,Cardiologist,8:54,10:11,American Hospital,5.76,90,1,3.5,198,2,391,"Manila, Philippines"
Dr. MARCELITO P. PERNIA,Infectious Disease,11:05,11:21,Perpetual Help Medical Center - Las PiÃ±as Hospital,24.78,90,8,3.6,46,7,392,"Manila, Philippines"
Dr. LUIS C. PERPETUA,Ophthalmologist,14:53,19:18,The Medical City Ermita,11.34,140,26,1.2,70,29,393,"Manila, Philippines"
Dr. NIÃƒÂ‘O M. PESICAL,Infectious Disease,14:18,17:17,"Capitol Medical Center, Inc.",6.54,200,14,1.6,53,27,394,"Manila, Philippines"
Dr. ERIBERTO D. PESTAÃƒÂ‘O,Dermatologist,18:20,19:44,Philippine Children's Medical Center,18.12,140,14,3,156,26,395,"Manila, Philippines"
Dr. CECILE A. PETALLO,Emergency Medicine,11:55,17:07,ManilaMed,13.45,110,15,1,98,17,396,"Manila, Philippines"
Dr. WINFRED Y. PHI,Radiologist,15:50,17:22,"Capitol Medical Center, Inc.",6.54,200,19,1.3,176,27,397,"Manila, Philippines"
Dr. FERNANDO T. PIANO,Nephrologist,17:26,20:13,VRP Medical Center,18.34,150,15,3.1,105,22,398,"Manila, Philippines"
Dr. ERNESTO C. PIASAN,Geriatrician,12:20,15:40,UERM Medical Center,10.56,200,15,4.7,147,14,399,"Manila, Philippines"
Dr. ELEAZER U. PIEL,Gynecologist,19:21,19:28,Las PiÃ±as General Hospital and Satellite Trauma Center,24.56,120,1,1.9,105,24,400,"Manila, Philippines"
Dr. ROSLYN . PIELAGO-PEÃƒÂ‘A,Immunologist,7:48,10:55,Makati Medical Center,8.45,150,13,2.9,28,13,401,"Manila, Philippines"
Dr. EMMANUEL S. PILAPIL,Orthopedist,13:11,21:00,Centuria Medical Makati,4.56,75,8,2.5,54,10,402,"Manila, Philippines"
Dr. ROEL B. PILAPIL,Cardiologist,11:29,11:44,Healthway - 8 Adriatico Manila,8.65,95,8,4.4,178,15,403,"Manila, Philippines"
Dr. CHRISTIAN C. PILAR,Psychiatrist,14:21,14:59,The Medical City Ermita,11.34,140,13,2.8,158,29,404,"Manila, Philippines"
Dr. FREIDRITZ C. PILAR,Hematologist,7:47,11:21,Makati Medical Center,8.45,150,1,2.7,66,13,405,"Manila, Philippines"
Dr. JESUS NATHANIEL C. PILI,Medical Geneticist,11:14,19:05,Justice Jose Abad Santos General Hospital,15.67,90,23,2.7,59,6,406,"Manila, Philippines"
Dr. MANUEL C. PILVERA,Pain Management,16:30,18:26,"St. Clare’s Medical Center, Inc.",22.45,90,13,4.1,134,11,407,"Manila, Philippines"
Dr. ALFREDO D. PIMENTEL,Pulmonologist,17:19,18:40,ManilaMed,13.45,110,23,3.8,97,17,408,"Manila, Philippines"
Dr. MACAPADO G. PIMPING,Anesthesiologist,12:34,18:06,Santa Ana Hospital,20.12,85,6,2.7,99,9,409,"Manila, Philippines"
Dr. EMMANUEL D. PINEDA,Radiologist,11:05,11:47,"Capitol Medical Center, Inc.",6.54,200,6,3.2,44,27,410,"Manila, Philippines"
Dr. GIL C. PINEDA,Dermatologist,16:49,17:46,Chinese General Hospital and Medical Center,14.23,170,19,3.6,38,25,411,"Manila, Philippines"
Dr. JOEL L. PINEDA,Urologist,13:08,18:16,Adventist Medical Center Manila,9.87,150,1,1.9,42,20,412,"Manila, Philippines"
Dr. MELQUIADES M. PINEDA,Dermatologist,19:07,20:41,East Avenue Medical Center,10.45,140,20,2.6,119,16,413,"Manila, Philippines"
Dr. NESTOR S. PINEDA,Anesthesiologist,9:15,20:09,East Avenue Medical Center,10.45,140,11,4.9,133,16,414,"Manila, Philippines"
Dr. RHODORA B. PINEDA,Hematologist,9:38,16:06,Perpetual Help Medical Center - Las PiÃ±as Hospital,24.78,90,26,1.3,116,7,415,"Manila, Philippines"
Dr. TEODORICO L. PINGOL,Anesthesiologist,12:50,14:45,"St. Clare’s Medical Center, Inc.",22.45,90,3,4.6,127,11,416,"Manila, Philippines"
Dr. JONAS PETER C. PIÃƒÂ‘ON,Gastroenterologist,8:25,17:15,National Children's Hospital,16.78,95,22,3.1,143,23,417,"Manila, Philippines"
Dr. LICERIA C. PINTACASI,Anesthesiologist,11:16,14:31,New Era General Hospital,20.23,75,28,3.2,25,28,418,"Manila, Philippines"
Dr. LARRY M. PINTOR,Infectious Disease,14:21,16:18,Justice Jose Abad Santos General Hospital,15.67,90,24,3.3,160,6,419,"Manila, Philippines"
Dr. HOMOBONO C. PIQUE,Pathologist,18:39,19:18,Healthway - 8 Adriatico Manila,8.65,95,7,1.1,165,15,420,"Manila, Philippines"
Dr. ROY P. PIQUERO,Gastroenterologist,12:10,15:00,Makati Medical Center,8.45,150,8,3.9,175,13,421,"Manila, Philippines"
Dr. RICHARD A. PIS-AN,Urologist,15:09,20:47,PULSE Clinic Manila | A Lifestyle Clinic,19.56,50,4,2.7,24,30,422,"Manila, Philippines"
Dr. ERNANI S. PIS-OY,Cardiologist,8:49,9:37,Providence Hospital,17.89,70,15,4.5,66,5,423,"Manila, Philippines"
Dr. LIBERTY R. PITEL,Emergency Medicine,17:49,17:54,Philippine Children's Medical Center,18.12,140,24,4.7,71,26,424,"Manila, Philippines"
Dr. JONAS M. PLACER,Emergency Medicine,7:42,14:32,Las PiÃ±as General Hospital and Satellite Trauma Center,24.56,120,18,1.4,28,24,425,"Manila, Philippines"
Dr. JUNE NATHANIEL D. PLAZA,Pediatrician,8:40,14:09,Perpetual Help Medical Center - Las PiÃ±as Hospital,24.78,90,30,2.2,103,7,426,"Manila, Philippines"
Dr. MINERVA D. PLAZA,Intensivist,9:27,15:10,Santa Ana Hospital,20.12,85,30,2.4,93,9,427,"Manila, Philippines"
Dr. SALVADOR A. PLEYTO,Emergency Medicine,17:54,19:56,East Avenue Medical Center,10.45,140,29,2.9,20,16,428,"Manila, Philippines"
Dr. FERMA B. PO,Orthopedist,15:00,16:48,Gat Andres Bonifacio Memorial Medical Center,15.76,90,23,2.1,181,1,429,"Manila, Philippines"
Dr. JOSE E. PO,Pediatrician,13:27,19:50,Ma. Clara Lying-in-Clinic,19.76,45,17,1.1,185,19,430,"Manila, Philippines"
Dr. MARK ROZZANO B. PO,Pathologist,20:20,20:35,UERM Medical Center,10.56,200,16,3.3,14,14,431,"Manila, Philippines"
Dr. SHERLY B. POCOT,Orthopedist,20:31,20:47,Chinese General Hospital and Medical Center,14.23,170,23,3.6,126,25,432,"Manila, Philippines"
Dr. ALEXANDER D. POE,Intensivist,16:09,19:51,Medical Arts Building | Chinese General Hospital,12.67,85,9,3.9,99,4,433,"Manila, Philippines"
Dr. ANNABELLE G. POLANCO,Gastroenterologist,19:38,20:26,PULSE Clinic Manila | A Lifestyle Clinic,19.56,50,14,3.6,181,30,434,"Manila, Philippines"
Dr. JOEL B. POLIAS,Intensivist,15:51,18:08,New Era General Hospital,20.23,75,23,3.8,26,28,435,"Manila, Philippines"
Dr. KAYRO M. POLICARPIO,Anesthesiologist,15:24,16:56,American Hospital,5.76,90,4,4,141,2,436,"Manila, Philippines"
Dr. RAMIR D. POLICARPIO,Gastroenterologist,18:40,18:59,Adventist Medical Center Manila,9.87,150,2,4.4,66,20,437,"Manila, Philippines"
Dr. FEJIE C. POLIGRATES,Ophthalmologist,19:05,19:15,"Capitol Medical Center, Inc.",6.54,200,2,1.7,125,27,438,"Manila, Philippines"
Dr. BRIAN B. POLINAR,Urologist,10:15,15:49,The Medical City Ermita,11.34,140,4,3.1,36,29,439,"Manila, Philippines"
Dr. ROMEO A. POLINAR,Hematologist,17:17,17:32,VRP Medical Center,18.34,150,28,4.1,164,22,440,"Manila, Philippines"
Dr. MARIA MERLY B. POLO,Immunologist,18:35,19:40,Makati Medical Center,8.45,150,8,2.3,175,13,441,"Manila, Philippines"
Dr. MARK M. POLO,Nephrologist,8:39,13:21,Justice Jose Abad Santos General Hospital,15.67,90,28,3.6,143,6,442,"Manila, Philippines"
Dr. MARY JOY H. POMPERADA,Pain Management,13:58,16:44,American Hospital,5.76,90,4,2.5,86,2,443,"Manila, Philippines"
Dr. FELIX C. PONAYO,Anesthesiologist,7:50,19:57,New Era General Hospital,20.23,75,10,3.1,128,28,444,"Manila, Philippines"
Dr. ANTHONY T. PONCE DE LEON,Gastroenterologist,20:43,20:56,Centuria Medical Makati,4.56,75,26,3.3,40,10,445,"Manila, Philippines"
Dr. ANNABELLE G. PONCE,Medical Geneticist,12:17,20:42,ManilaMed,13.45,110,1,1.5,12,17,446,"Manila, Philippines"
Dr. HERBERT D. PONCE,Infectious Disease,14:18,20:26,Chinese General Hospital and Medical Center,14.23,170,27,1.7,158,25,447,"Manila, Philippines"
Dr. NOEMI M. PONFERRADA,Gynecologist,15:20,16:02,Las PiÃ±as General Hospital and Satellite Trauma Center,24.56,120,2,3.4,26,24,448,"Manila, Philippines"
Dr. NOMAR B. PONSARAN,Psychiatrist,15:57,20:39,ManilaMed,13.45,110,21,4,143,17,449,"Manila, Philippines"
Dr. NELSON A. PONTANAR,Medical Geneticist,7:45,11:28,Providence Hospital,17.89,70,27,4,198,5,450,"Manila, Philippines"
Dr. NEIL R. POPERA,Medical Geneticist,8:39,18:28,East Avenue Medical Center,10.45,140,13,2.7,99,16,451,"Manila, Philippines"
Dr. FERNANDO T. POSADA,Pulmonologist,15:10,15:52,Justice Jose Abad Santos General Hospital,15.67,90,3,5,91,6,452,"Manila, Philippines"
Dr. CHERRY G. POTOY,Pulmonologist,18:53,19:01,Chinese General Hospital and Medical Center,14.23,170,24,4.7,125,25,453,"Manila, Philippines"
Dr. EMMANUEL T. PRADO,Psychiatrist,12:42,20:34,The Medical City Ermita,11.34,140,17,4.9,183,29,454,"Manila, Philippines"
Dr. ERWIN D. PRADO,Ophthalmologist,11:23,19:56,Philippine Children's Medical Center,18.12,140,10,1.9,100,26,455,"Manila, Philippines"
Dr. JUDY ANN L. PRADO,Anesthesiologist,7:17,13:51,National Children's Hospital,16.78,95,2,2.1,93,23,456,"Manila, Philippines"
Dr. NOLITO B. PRADO,Medical Geneticist,20:36,20:46,ManilaMed,13.45,110,20,3,177,17,457,"Manila, Philippines"
Dr. PEDRO JR M. PRESTADO,Intensivist,7:25,8:54,Healthway - 8 Adriatico Manila,8.65,95,29,3.8,72,15,458,"Manila, Philippines"
Dr. EDWIN D. PRIETO,Cardiologist,14:57,19:27,Philippine Children's Medical Center,18.12,140,2,1.8,52,26,459,"Manila, Philippines"
Dr. FRANCISCO V. PROVIDO,Endocrinologist,19:49,20:33,"St. Clare’s Medical Center, Inc.",22.45,90,30,3.5,189,11,460,"Manila, Philippines"
Dr. BENJAMIN JR D. PUA,Pathologist,17:50,18:08,Ma. Clara Lying-in-Clinic,19.76,45,30,4.5,167,19,461,"Manila, Philippines"
Dr. RIZALDY B. PUAZO,Geriatrician,7:39,15:20,Santa Ana Hospital,20.12,85,21,3.7,6,9,462,"Manila, Philippines"
Dr. EMMANUEL S. PUERTO,Dermatologist,16:27,19:06,Bagong Ospital ng Maynila,11.22,130,10,4.1,15,8,463,"Manila, Philippines"
Dr. FRANCIS M. PUJEDA,Emergency Medicine,8:29,18:32,Healthway - 8 Adriatico Manila,8.65,95,27,4.7,143,15,464,"Manila, Philippines"
Dr. JERALYN H. PULIDO,Neurologist,8:37,9:44,TopHealth Medical Clinic,14.56,110,15,1.8,79,12,465,"Manila, Philippines"
Dr. ANTONINO E. PULMANO,Geriatrician,7:38,13:30,Perpetual Help Medical Center - Las PiÃ±as Hospital,24.78,90,22,1,46,7,466,"Manila, Philippines"
Dr. VICTOR C. PUNAY,Infectious Disease,8:34,15:43,National Children's Hospital,16.78,95,27,4,193,23,467,"Manila, Philippines"
Dr. POLICARPIO R. PUNO,Pediatrician,7:24,17:26,Centuria Medical Makati,4.56,75,27,3.5,36,10,468,"Manila, Philippines"
Dr. NOEL G. PUNU,Endocrinologist,8:14,9:08,ManilaMed,13.45,110,14,1.4,171,17,469,"Manila, Philippines"
Dr. ARJANE T. PURISIMA,Urologist,19:08,19:14,National Children's Hospital,16.78,95,18,4.1,140,23,470,"Manila, Philippines"
Dr. SOLOMON II A. PURO,Pathologist,16:46,17:07,PULSE Clinic Manila | A Lifestyle Clinic,19.56,50,7,4,142,30,471,"Manila, Philippines"
Dr. BERT JAYSON P. PUTONG,Hematologist,16:31,17:52,"St. Clare’s Medical Center, Inc.",22.45,90,15,3.6,157,11,472,"Manila, Philippines"
Dr. ART PAUL A. QUEPPET,Pain Management,20:07,20:08,Bagong Ospital ng Maynila,11.22,130,14,2.3,137,8,473,"Manila, Philippines"
Dr. DANILO Q. QUERUBIN,Nephrologist,11:15,16:17,"Capitol Medical Center, Inc.",6.54,200,5,4.4,193,27,474,"Manila, Philippines"
Dr. EMER T. QUEZON,Psychiatrist,16:16,16:37,Adventist Medical Center Manila,9.87,150,12,4,116,20,475,"Manila, Philippines"
Dr. JULIE MAE G. QUEZON,Gastroenterologist,14:17,16:45,Perpetual Help Medical Center - Las PiÃ±as Hospital,24.78,90,5,2.2,131,7,476,"Manila, Philippines"
Dr. ADAM L. QUIAMBAO,Orthopedist,19:29,21:00,"Capitol Medical Center, Inc.",6.54,200,6,2.8,147,27,477,"Manila, Philippines"
Dr. NOEL S. QUIAMBAO,Pediatrician,12:22,18:21,Bagong Ospital ng Maynila,11.22,130,26,1.8,165,8,478,"Manila, Philippines"
Dr. ALEXANDER N. QUIBILAN,Intensivist,13:34,20:52,Chinese General Hospital and Medical Center,14.23,170,16,1.8,120,25,479,"Manila, Philippines"
Dr. ALEJANDRA U. QUICHO,Immunologist,20:38,20:57,World Citi Medical Center,16.78,90,14,2,90,18,480,"Manila, Philippines"
Dr. PHILIP RAYMUND A. QUIJOTE,Dermatologist,18:42,20:09,Medical Arts Building | Chinese General Hospital,12.67,85,25,4.1,98,4,481,"Manila, Philippines"
Dr. MELECIO F. QUILA,Endocrinologist,15:53,18:51,Annette General Hospital,20.12,100,2,3.3,32,3,482,"Manila, Philippines"
Dr. GLENN MARK M. QUILISADIO,Orthopedist,7:47,16:47,TopHealth Medical Clinic,14.56,110,20,4.4,143,12,483,"Manila, Philippines"
Dr. KATRINA B. QUILLO,Gastroenterologist,14:58,17:01,TopHealth Medical Clinic,14.56,110,2,2.2,53,12,484,"Manila, Philippines"
Dr. ANASTACIO JR A. QUILO,Intensivist,15:36,16:11,National Children's Hospital,16.78,95,11,2.1,40,23,485,"Manila, Philippines"
Dr. ADELINO J. QUINTO,Geriatrician,14:44,16:56,East Avenue Medical Center,10.45,140,25,2,91,16,486,"Manila, Philippines"
Dr. MAXIMILLIAN G. QUINTOS,Hematologist,8:28,18:32,Annette General Hospital,20.12,100,17,3.9,61,3,487,"Manila, Philippines"
Dr. MARVIN C. QUIOCHO,Medical Geneticist,15:59,19:17,The Medical City Ermita,11.34,140,22,2.3,15,29,488,"Manila, Philippines"
Dr. MARIA JOSEMIE R. QUIPOT,Psychiatrist,12:49,20:35,Justice Jose Abad Santos General Hospital,15.67,90,18,2.8,176,6,489,"Manila, Philippines"
Dr. NILDA R. QUITO,Neurologist,8:16,19:39,Ma. Clara Lying-in-Clinic,19.76,45,7,1.9,50,19,490,"Manila, Philippines"
Dr. CHERRYL L. RABAJANTE,Pulmonologist,11:53,15:56,Justice Jose Abad Santos General Hospital,15.67,90,28,4.7,2,6,491,"Manila, Philippines"
Dr. MARICEL M. RABANAL,Pathologist,16:34,20:00,Providence Hospital,17.89,70,3,2.3,45,5,492,"Manila, Philippines"
Dr. MARC ALLAN D. RABENA,Gynecologist,12:53,15:39,"St. Clare’s Medical Center, Inc.",22.45,90,1,4.4,98,11,493,"Manila, Philippines"
Dr. CRISANTO L. RABINA,Urologist,12:52,14:19,VRP Medical Center,18.34,150,3,1.4,196,22,494,"Manila, Philippines"
Dr. JOSEPHINE M. RABINO,Gynecologist,17:14,19:56,Providence Hospital,17.89,70,25,1.7,104,5,495,"Manila, Philippines"
Dr. ROMMEL A. RABINO,Pulmonologist,18:23,19:44,Medical Arts Building | Chinese General Hospital,12.67,85,24,3.8,165,4,496,"Manila, Philippines"
Dr. JONATHAN G. RADA,Gynecologist,16:25,19:13,"St. Clare’s Medical Center, Inc.",22.45,90,20,3.5,4,11,497,"Manila, Philippines"
Dr. GERONIMO P. RADAZA,Pulmonologist,17:10,19:03,American Hospital,5.76,90,15,1.4,12,2,498,"Manila, Philippines"
Dr. ROMEO A. RAGASA,Pain Management,7:18,19:43,TopHealth Medical Clinic,14.56,110,7,1.3,44,12,499,"Manila, Philippines"
Dr. FREDERICK C. RAGAY,Urologist,15:50,19:10,Bagong Ospital ng Maynila,11.22,130,1,4.9,190,8,500,"Manila, Philippines"
Dr. JOSEPHINE O. RAGUDOS,Radiologist,7:56,15:24,Chinese General Hospital and Medical Center,14.23,170,25,2,123,25,501,"Manila, Philippines"
Dr. WILLIS R. RAMAS-UYPITCHING,Immunologist,16:06,17:41,Las PiÃ±as General Hospital and Satellite Trauma Center,24.56,120,11,3.8,102,24,502,"Manila, Philippines"
Dr. CAPISTRANO JR N. RAMIENTOS,Infectious Disease,16:26,16:46,UERM Medical Center,10.56,200,21,2.6,85,14,503,"Manila, Philippines"
Dr. EVELYN E. RAMIL,Pediatrician,19:05,19:14,New Era General Hospital,20.23,75,21,4.5,153,28,504,"Manila, Philippines"
Dr. JINGLE V. RAMIREZ,Geriatrician,17:11,20:33,Justice Jose Abad Santos General Hospital,15.67,90,28,3.3,53,6,505,"Manila, Philippines"
Dr. JUANITO M. RAMIREZ,Endocrinologist,12:27,13:09,Healthway - 8 Adriatico Manila,8.65,95,10,2.7,178,15,506,"Manila, Philippines"
Dr. NILO A. RAMIREZ,Cardiologist,17:40,20:44,Chinese General Hospital and Medical Center,14.23,170,12,4.5,94,25,507,"Manila, Philippines"
Dr. RICHARD M. RAMIREZ,Pain Management,10:16,17:23,"Capitol Medical Center, Inc.",6.54,200,28,4.3,43,27,508,"Manila, Philippines"
Dr. VANDERVILT P. RAMOLETE,Pathologist,18:29,20:36,Centuria Medical Makati,4.56,75,23,2.1,27,10,509,"Manila, Philippines"
Dr. BENJAMIN V. RAMOS,Nephrologist,13:35,18:02,Chinese General Hospital and Medical Center,14.23,170,19,1.5,90,25,510,"Manila, Philippines"
Dr. BIENVENIDO G. RAMOS,Infectious Disease,18:29,20:02,"Capitol Medical Center, Inc.",6.54,200,14,2,190,27,511,"Manila, Philippines"
Dr. CARLISEL T. RAMOS,Orthopedist,13:35,20:29,Justice Jose Abad Santos General Hospital,15.67,90,19,3.5,36,6,512,"Manila, Philippines"
Dr. EVELYN S. RAMOS,Dermatologist,13:06,17:59,"St. Clare’s Medical Center, Inc.",22.45,90,18,4.1,68,11,513,"Manila, Philippines"
Dr. GEMMA S. RAMOS,Gastroenterologist,10:11,11:24,"St. Clare’s Medical Center, Inc.",22.45,90,22,3.7,114,11,514,"Manila, Philippines"
Dr. IAN MAR D. RAMOS,Gastroenterologist,8:16,13:11,Santa Ana Hospital,20.12,85,30,1.5,2,9,515,"Manila, Philippines"
Dr. JAMES M. RAMOS,Orthopedist,17:18,18:45,PULSE Clinic Manila | A Lifestyle Clinic,19.56,50,20,4.1,179,30,516,"Manila, Philippines"
Dr. JONATHAN B. RAMOS,Psychiatrist,19:45,20:14,"St. Clare’s Medical Center, Inc.",22.45,90,17,2.7,115,11,517,"Manila, Philippines"
Dr. MEDARDO T. RAMOS,Cardiologist,17:04,20:24,UERM Medical Center,10.56,200,30,2.5,67,14,518,"Manila, Philippines"
Dr. RAMON C. RAMOS,Pediatrician,20:15,20:16,Perpetual Help Medical Center - Las PiÃ±as Hospital,24.78,90,17,4.4,55,7,519,"Manila, Philippines"
Dr. REAGAN GREGORIO C. RAMOS,Immunologist,11:54,19:22,Centuria Medical Makati,4.56,75,11,1.9,40,10,520,"Manila, Philippines"
Dr. REX S. RAMOS,Pain Management,20:01,20:43,Philippine Children's Medical Center,18.12,140,23,3.3,4,26,521,"Manila, Philippines"
Dr. RODEL P. RAMOS,Infectious Disease,16:30,17:19,Santa Ana Hospital,20.12,85,19,3.9,77,9,522,"Manila, Philippines"
Dr. ERNESTO V. RANA,Neurologist,15:27,19:59,Chinese General Hospital and Medical Center,14.23,170,1,3.7,9,25,523,"Manila, Philippines"
Dr. CAROL L. RAÃƒÂ‘OLA,Pediatrician,16:27,19:39,Las PiÃ±as General Hospital and Satellite Trauma Center,24.56,120,6,3.1,118,24,524,"Manila, Philippines"
Dr. GEORGIE M. RANOLO,Cardiologist,14:08,16:26,Chinese General Hospital and Medical Center,14.23,170,27,2.8,112,25,525,"Manila, Philippines"
Dr. ELY M. RAÃƒÂ‘ON,Urologist,8:44,13:45,Gat Andres Bonifacio Memorial Medical Center,15.76,90,13,1.3,189,1,526,"Manila, Philippines"
Dr. REYNALDO T. RANTE,Pediatrician,16:03,17:58,ManilaMed,13.45,110,16,2.8,171,17,527,"Manila, Philippines"
Dr. GEORGE L. RAPANAN,Urologist,13:40,18:52,Philippine Children's Medical Center,18.12,140,28,2.9,71,26,528,"Manila, Philippines"
Dr. FREDDIE F. RAPER,Medical Geneticist,13:19,19:15,Justice Jose Abad Santos General Hospital,15.67,90,30,2.4,199,6,529,"Manila, Philippines"
Dr. LESTER C. RAPSING,Anesthesiologist,20:58,21:00,Annette General Hospital,20.12,100,17,4.7,114,3,530,"Manila, Philippines"
Dr. ANDRES GILBERTO R. RAS,Dermatologist,8:03,19:59,New Era General Hospital,20.23,75,3,4,88,28,531,"Manila, Philippines"
Dr. JOSE MARIO T. RASCO,Endocrinologist,9:13,11:49,Perpetual Help Medical Center - Las PiÃ±as Hospital,24.78,90,22,1.7,69,7,532,"Manila, Philippines"
Dr. JOSE P. RASONABLE,Neurologist,13:59,20:49,Annette General Hospital,20.12,100,16,4.1,25,3,533,"Manila, Philippines"
Dr. NEIL G. RATUITA,Cardiologist,16:15,20:37,Adventist Medical Center Manila,9.87,150,24,4.8,35,20,534,"Manila, Philippines"
Dr. ROMEO JR B. RAVENA,Pain Management,18:51,20:03,"St. Clare’s Medical Center, Inc.",22.45,90,14,2.5,200,11,535,"Manila, Philippines"
Dr. MICHAEL JOHN R. RAYMUNDO,Urologist,20:27,20:49,ManilaMed,13.45,110,24,2.2,166,17,536,"Manila, Philippines"
Dr. MILAGROS P. RAYMUNDO,Ophthalmologist,7:08,12:02,Philippine Children's Medical Center,18.12,140,3,3.2,89,26,537,"Manila, Philippines"
Dr. RODRIGO D. RAYMUNDO,Ophthalmologist,16:05,17:27,American Hospital,5.76,90,1,3.7,76,2,538,"Manila, Philippines"
Dr. LEIZEL A. RAYOS,Pain Management,12:00,16:50,Medical Arts Building | Chinese General Hospital,12.67,85,30,1.7,135,4,539,"Manila, Philippines"
Dr. DOLORES LORDELYN P. RAZON,Ophthalmologist,12:11,16:15,Bagong Ospital ng Maynila,11.22,130,27,1.1,104,8,540,"Manila, Philippines"
Dr. ROMEO C. REALES,Intensivist,19:29,20:33,Adventist Medical Center Manila,9.87,150,11,2.7,135,20,541,"Manila, Philippines"
Dr. DANILO B. REALISAN,Endocrinologist,8:50,9:22,TopHealth Medical Clinic,14.56,110,24,4.8,162,12,542,"Manila, Philippines"
Dr. JOSE REMAR A. REAMBONANZA,Pain Management,13:54,14:07,"St. Clare’s Medical Center, Inc.",22.45,90,21,1.3,129,11,543,"Manila, Philippines"
Dr. JINGLE MELODY J. REAS,Medical Geneticist,13:08,20:21,Perpetual Help Medical Center - Las PiÃ±as Hospital,24.78,90,30,4.1,56,7,544,"Manila, Philippines"
Dr. RODRIGO C. REBOLLOS,Pain Management,19:12,19:48,New Era General Hospital,20.23,75,29,3.4,8,28,545,"Manila, Philippines"
Dr. EIAL KENN P. REBOSURA,Endocrinologist,17:01,17:39,Centuria Medical Makati,4.56,75,5,1.2,80,10,546,"Manila, Philippines"
Dr. CORNELIO O. REBOTE,Emergency Medicine,14:48,20:59,Healthway - 8 Adriatico Manila,8.65,95,3,4.5,90,15,547,"Manila, Philippines"
Dr. MARILOU G. REBRAS,Gynecologist,7:08,16:22,Gat Andres Bonifacio Memorial Medical Center,15.76,90,24,1.1,128,1,548,"Manila, Philippines"
Dr. ROY C. RECAMARA,Geriatrician,15:46,18:51,Gat Andres Bonifacio Memorial Medical Center,15.76,90,10,4.1,133,1,549,"Manila, Philippines"
Dr. FREDELITA G. RECIBAS,Medical Geneticist,20:49,20:59,Makati Medical Center,8.45,150,27,2.8,66,13,550,"Manila, Philippines"
Dr. TRYZHA A. RECTO,Geriatrician,20:49,20:55,East Avenue Medical Center,10.45,140,22,2.2,182,16,551,"Manila, Philippines"
Dr. JACINTO M. REDULLA,Pathologist,20:18,20:41,Providence Hospital,17.89,70,24,4.8,154,5,552,"Manila, Philippines"
Dr. ALDIN P. REGALADO,Pathologist,10:55,19:32,Our Lady of Lourdes Hospital,21.45,100,17,3.1,3,21,553,"Manila, Philippines"
Dr. JEREME G. REGENCIA,Gynecologist,20:02,20:38,American Hospital,5.76,90,6,1.4,173,2,554,"Manila, Philippines"
Dr. PHILLIP G. REGINALDO,Urologist,18:15,19:47,"Capitol Medical Center, Inc.",6.54,200,17,1,157,27,555,"Manila, Philippines"
Dr. NORMAN P. REGINIO,Intensivist,17:18,19:33,Annette General Hospital,20.12,100,12,4.7,72,3,556,"Manila, Philippines"
Dr. MARIA JEZZALYN L. REGIS,Intensivist,15:04,20:44,Ma. Clara Lying-in-Clinic,19.76,45,24,4.6,173,19,557,"Manila, Philippines"
Dr. NORMAN M. REGIS,Hematologist,15:09,17:46,Bagong Ospital ng Maynila,11.22,130,10,2.5,151,8,558,"Manila, Philippines"
Dr. SALVADOR JR G. REGIS,Cardiologist,10:59,14:06,Providence Hospital,17.89,70,3,4,48,5,559,"Manila, Philippines"
Dr. ARMANDO T. REGUALOS,Orthopedist,15:06,20:21,Perpetual Help Medical Center - Las PiÃ±as Hospital,24.78,90,10,3.3,35,7,560,"Manila, Philippines"
Dr. MIEL B. REGULTO,Neurologist,9:26,18:46,Our Lady of Lourdes Hospital,21.45,100,28,1.8,142,21,561,"Manila, Philippines"
Dr. MARVIN R. RELADO,Nephrologist,7:03,10:00,Makati Medical Center,8.45,150,27,2.7,81,13,562,"Manila, Philippines"
Dr. MEL-IVAN E. RELLIQUETE,Pulmonologist,12:33,20:50,Medical Arts Building | Chinese General Hospital,12.67,85,2,4,5,4,563,"Manila, Philippines"
Dr. RODRIGUEZ JR A. RELUCANO,Hematologist,19:28,19:36,Chinese General Hospital and Medical Center,14.23,170,29,2.7,104,25,564,"Manila, Philippines"
Dr. JUNRIEL H. REMOTO,Anesthesiologist,10:27,12:01,VRP Medical Center,18.34,150,10,1.5,70,22,565,"Manila, Philippines"
Dr. RYAN DAVE G. REMULLA,Pain Management,19:43,20:56,National Children's Hospital,16.78,95,29,4.5,79,23,566,"Manila, Philippines"
Dr. DOMINGO JR Z. RENALES,Pulmonologist,18:47,20:49,National Children's Hospital,16.78,95,19,4.8,27,23,567,"Manila, Philippines"
Dr. MARICHEL C. RENTURA,Nephrologist,19:35,20:48,TopHealth Medical Clinic,14.56,110,9,1,38,12,568,"Manila, Philippines"
Dr. LUIS REY G. REOTIRAS,Geriatrician,7:42,17:27,Perpetual Help Medical Center - Las PiÃ±as Hospital,24.78,90,18,1.5,43,7,569,"Manila, Philippines"
Dr. H ANTHONY B. REQUERME,Emergency Medicine,15:28,16:48,Annette General Hospital,20.12,100,1,3.7,34,3,570,"Manila, Philippines"
Dr. FORTUNATO JR B. REQUITO,Ophthalmologist,11:49,17:19,Centuria Medical Makati,4.56,75,4,1.3,39,10,571,"Manila, Philippines"
Dr. CECILIA A. RESTAURO,Medical Geneticist,9:25,9:51,Perpetual Help Medical Center - Las PiÃ±as Hospital,24.78,90,8,2.7,169,7,572,"Manila, Philippines"
Dr. DOMINGO JR A. RESUELLO,Emergency Medicine,8:10,17:01,Medical Arts Building | Chinese General Hospital,12.67,85,27,3.3,3,4,573,"Manila, Philippines"
Dr. PATRICIO M. RESURRECCION,Nephrologist,14:03,14:29,UERM Medical Center,10.56,200,3,3.1,153,14,574,"Manila, Philippines"
Dr. ALMARIO G. RETUTAL,Pulmonologist,17:10,18:16,Chinese General Hospital and Medical Center,14.23,170,20,2.5,56,25,575,"Manila, Philippines"
Dr. NERISSA S. REY,Immunologist,13:25,19:45,Perpetual Help Medical Center - Las PiÃ±as Hospital,24.78,90,7,2.2,28,7,576,"Manila, Philippines"
Dr. WILFREDO V S. REY,Hematologist,20:57,20:59,TopHealth Medical Clinic,14.56,110,19,2.4,119,12,577,"Manila, Philippines"
Dr. ARNALDO D. REYES,Ophthalmologist,20:14,20:41,"St. Clare’s Medical Center, Inc.",22.45,90,1,3.1,178,11,578,"Manila, Philippines"
Dr. BENJAMIN F. REYES,Pain Management,7:12,15:04,Gat Andres Bonifacio Memorial Medical Center,15.76,90,17,4.2,41,1,579,"Manila, Philippines"
Dr. BERNARDO JR R. REYES,Dermatologist,14:18,20:18,"St. Clare’s Medical Center, Inc.",22.45,90,9,4.2,76,11,580,"Manila, Philippines"
Dr. EDWARD FRANCIS L. REYES,Pathologist,16:35,18:35,Providence Hospital,17.89,70,27,2.2,160,5,581,"Manila, Philippines"
Dr. GABRIEL R. REYES,Geriatrician,18:27,20:19,Las PiÃ±as General Hospital and Satellite Trauma Center,24.56,120,30,2,160,24,582,"Manila, Philippines"
Dr. GLENN D. REYES,Gastroenterologist,19:39,20:25,World Citi Medical Center,16.78,90,11,2.6,37,18,583,"Manila, Philippines"
Dr. JEFFREY V. REYES,Neurologist,10:40,16:47,Annette General Hospital,20.12,100,29,1.5,125,3,584,"Manila, Philippines"
Dr. JOSE A. REYES,Pulmonologist,18:56,19:05,"St. Clare’s Medical Center, Inc.",22.45,90,29,4.8,93,11,585,"Manila, Philippines"
Dr. JOSEPH S. REYES,Intensivist,8:58,12:19,Ma. Clara Lying-in-Clinic,19.76,45,13,4.9,27,19,586,"Manila, Philippines"
Dr. JOSEPH S. REYES,Ophthalmologist,11:10,18:09,Bagong Ospital ng Maynila,11.22,130,30,3.8,37,8,587,"Manila, Philippines"
Dr. KIM L. REYES,Emergency Medicine,9:06,10:02,UERM Medical Center,10.56,200,7,3.1,77,14,588,"Manila, Philippines"
Dr. MARIA EVELYN D. REYES,Endocrinologist,14:09,18:18,Santa Ana Hospital,20.12,85,20,2.4,52,9,589,"Manila, Philippines"
Dr. NILDA D. REYES,Geriatrician,9:01,12:13,"Capitol Medical Center, Inc.",6.54,200,13,1.6,187,27,590,"Manila, Philippines"
Dr. REDENTOR JR A. REYES,Radiologist,11:09,18:53,Makati Medical Center,8.45,150,17,2.8,107,13,591,"Manila, Philippines"
Dr. RELLEN H. REYES,Anesthesiologist,15:41,19:08,Chinese General Hospital and Medical Center,14.23,170,8,1.3,14,25,592,"Manila, Philippines"
Dr. ROBERTO R. REYES,Nephrologist,20:01,20:28,Santa Ana Hospital,20.12,85,9,1.7,123,9,593,"Manila, Philippines"
Dr. ROLANDO P. REYES,Endocrinologist,8:13,17:47,Santa Ana Hospital,20.12,85,1,2.1,163,9,594,"Manila, Philippines"
Dr. RUDY JR V. REYES,Gastroenterologist,8:05,16:49,Perpetual Help Medical Center - Las PiÃ±as Hospital,24.78,90,20,1.8,9,7,595,"Manila, Philippines"
Dr. VAN ALLEN E. REYES,Nephrologist,18:58,19:21,Justice Jose Abad Santos General Hospital,15.67,90,19,2.2,6,6,596,"Manila, Philippines"
Dr. VIRGILIO A. REYES,Dermatologist,15:05,20:34,National Children's Hospital,16.78,95,8,4.1,20,23,597,"Manila, Philippines"
Dr. WYRLO S. REYES,Urologist,7:56,9:04,Perpetual Help Medical Center - Las PiÃ±as Hospital,24.78,90,7,2,33,7,598,"Manila, Philippines"
Dr. GENARO A. REYNALDO,Neurologist,19:09,21:00,Philippine Children's Medical Center,18.12,140,21,2.1,48,26,599,"Manila, Philippines"
Dr. RICA B. REYNALDO,Pediatrician,7:59,18:49,The Medical City Ermita,11.34,140,12,3,107,29,600,"Manila, Philippines"
Dr. GOLDELINE M. RICAFORT,Pediatrician,8:41,19:37,ManilaMed,13.45,110,11,3.8,135,17,601,"Manila, Philippines"
Dr. VICTOR JR R. RICOHERMOSO,Pediatrician,10:52,16:28,Our Lady of Lourdes Hospital,21.45,100,14,4.2,87,21,602,"Manila, Philippines"
Dr. FLORINDA B. RIMANDO,Pediatrician,20:40,20:57,Chinese General Hospital and Medical Center,14.23,170,27,1.2,104,25,603,"Manila, Philippines"
Dr. MAY GRACILLE C. RIOS,Gynecologist,10:56,17:17,TopHealth Medical Clinic,14.56,110,16,2.6,125,12,604,"Manila, Philippines"
Dr. JENNY LANDO G. RIPALDA,Nephrologist,13:50,17:36,PULSE Clinic Manila | A Lifestyle Clinic,19.56,50,17,2.9,186,30,605,"Manila, Philippines"
Dr. LORENZO JR C. RIVADULLA,Orthopedist,19:42,20:56,Our Lady of Lourdes Hospital,21.45,100,20,3.4,43,21,606,"Manila, Philippines"
Dr. ALBERT S. RIVERA,Gastroenterologist,13:43,14:53,VRP Medical Center,18.34,150,26,4.3,84,22,607,"Manila, Philippines"
Dr. ALEXES B. RIVERA,Emergency Medicine,10:18,18:20,TopHealth Medical Clinic,14.56,110,21,1.7,71,12,608,"Manila, Philippines"
Dr. BRYAN M. RIVERA,Anesthesiologist,16:59,18:18,Medical Arts Building | Chinese General Hospital,12.67,85,22,2,69,4,609,"Manila, Philippines"
Dr. DANILO L. RIVERA,Hematologist,15:49,18:57,Annette General Hospital,20.12,100,27,1.3,165,3,610,"Manila, Philippines"
Dr. EDGAR G. RIVERA,Infectious Disease,16:33,19:06,UERM Medical Center,10.56,200,8,2.2,125,14,611,"Manila, Philippines"
Dr. FREDILITO S. RIVERA,Neurologist,11:10,20:02,National Children's Hospital,16.78,95,24,4,200,23,612,"Manila, Philippines"
Dr. JULIA D. RIVERA,Dermatologist,11:17,16:40,Healthway - 8 Adriatico Manila,8.65,95,2,3.5,82,15,613,"Manila, Philippines"
Dr. MICHAEL C. RIVERA,Orthopedist,12:47,13:43,National Children's Hospital,16.78,95,24,1.2,118,23,614,"Manila, Philippines"
Dr. NANNETH G. RIVERA,Urologist,7:14,19:02,The Medical City Ermita,11.34,140,20,4.4,108,29,615,"Manila, Philippines"
Dr. NIKKI LOU E. RIVERA,Dermatologist,14:41,15:10,New Era General Hospital,20.23,75,28,2.2,146,28,616,"Manila, Philippines"
Dr. RODOLFO B. RIVERA,Urologist,10:54,20:16,ManilaMed,13.45,110,8,3.1,129,17,617,"Manila, Philippines"
Dr. RAQUEL N. RIVERO,Radiologist,10:31,17:25,Las PiÃ±as General Hospital and Satellite Trauma Center,24.56,120,20,4.2,149,24,618,"Manila, Philippines"
Dr. MARIA BUENA AMOR C. ROA,Nephrologist,13:09,18:30,Adventist Medical Center Manila,9.87,150,4,1.3,127,20,619,"Manila, Philippines"
Dr. MA ROSARIO M. ROBANTE,Anesthesiologist,17:00,19:56,World Citi Medical Center,16.78,90,9,2.7,11,18,620,"Manila, Philippines"
Dr. MARY ANN H. ROBANTE,Emergency Medicine,14:04,20:39,Centuria Medical Makati,4.56,75,24,1.1,86,10,621,"Manila, Philippines"
